Time (s);    ;car_position;   ;input;    ;command;   ;treadmill;     ;obstacles;
3.745;    ;0;647;74;0;95;49;    ;300;200;    ;0;0;    ;    ;
3.763;    ;0;647;74;0;95;49;    ;0;500;72;    ;0;0;115;    ;353;190;90;33;112;187;271;    ;
3.780;    ;0;647;74;0;95;49;    ;0;500;72;    ;0;0;85;    ;353;190;90;33;112;187;271;    ;
3.806;    ;0;647;74;0;95;49;    ;0;500;72;    ;0;0;85;    ;353;190;90;33;112;187;271;    ;
4.570;    ;0;648;74;0;94;49;    ;0;500;72;    ;    ;353;190;90;33;113;188;271;347;    ;647;78;47;
4.606;    ;0;648;74;0;95;49;    ;0;500;72;    ;0;0;85;    ;353;190;90;33;112;187;271;    ;
4.642;    ;0;647;74;0;95;49;    ;0;500;72;    ;0;0;85;    ;353;190;90;33;112;187;271;    ;
4.673;    ;0;647;74;0;94;48;    ;0;500;72;    ;0;0;85;    ;353;190;90;33;112;187;271;    ;
4.709;    ;0;647;74;0;94;48;    ;0;500;72;    ;0;0;85;    ;353;190;90;33;112;187;271;    ;
4.741;    ;0;647;74;0;95;49;    ;0;500;72;    ;0;0;85;    ;353;190;90;33;112;187;271;    ;
4.772;    ;0;647;74;0;95;49;    ;0;500;72;    ;0;0;85;    ;353;190;90;33;112;187;271;    ;
4.809;    ;0;647;74;0;95;49;    ;0;500;72;    ;0;0;85;    ;353;190;90;33;112;187;271;    ;
4.840;    ;0;647;74;0;95;49;    ;0;500;72;    ;0;0;85;    ;353;190;90;33;112;187;271;    ;
4.872;    ;0;647;74;0;95;49;    ;0;500;72;    ;0;0;85;    ;353;190;90;33;112;187;271;    ;
4.908;    ;0;647;74;0;95;49;    ;0;500;72;    ;0;0;85;    ;353;190;90;33;112;187;271;    ;
4.941;    ;0;647;74;0;95;49;    ;0;500;72;    ;0;0;85;    ;353;190;90;33;112;187;271;    ;
4.967;    ;0;647;74;0;94;48;    ;0;500;72;    ;0;0;85;    ;353;190;90;33;112;187;271;    ;
5.007;    ;0;647;74;0;95;49;    ;0;500;72;    ;0;0;85;    ;353;190;90;33;112;187;271;    ;
5.040;    ;0;647;74;0;94;48;    ;0;500;72;    ;0;0;85;    ;353;190;90;33;112;187;271;    ;
5.073;    ;0;647;74;0;95;49;    ;0;500;72;    ;0;0;85;    ;353;190;90;33;112;187;271;    ;
5.110;    ;0;647;74;0;95;49;    ;0;500;72;    ;0;0;85;    ;353;190;90;33;112;187;271;    ;
5.143;    ;0;647;74;0;95;49;    ;0;500;72;    ;0;0;85;    ;353;190;90;33;112;187;271;    ;
5.174;    ;0;647;74;0;95;49;    ;0;500;72;    ;0;0;85;    ;353;190;90;34;112;187;271;    ;
5.212;    ;0;647;74;0;95;49;    ;0;500;73;    ;0;0;85;    ;353;190;90;33;112;187;271;    ;
5.242;    ;0;647;74;0;95;49;    ;0;500;72;    ;0;0;85;    ;353;190;90;32;112;187;271;    ;
5.272;    ;0;647;74;0;95;49;    ;0;500;72;    ;0;0;85;    ;353;190;90;33;112;187;271;    ;
5.311;    ;0;647;74;0;94;48;    ;0;500;72;    ;0;0;85;    ;353;190;90;33;112;187;271;    ;
5.343;    ;0;647;74;0;95;49;    ;0;500;72;    ;0;0;85;    ;353;190;90;33;112;187;271;    ;
5.375;    ;0;647;74;0;95;49;    ;0;500;72;    ;0;0;85;    ;353;190;90;33;112;187;271;    ;
5.411;    ;0;647;74;0;95;49;    ;0;500;72;    ;0;0;85;    ;353;190;90;33;112;187;271;    ;
5.441;    ;0;647;74;0;95;49;    ;0;500;72;    ;0;0;85;    ;353;190;90;33;112;187;271;    ;
5.474;    ;0;647;74;0;95;49;    ;0;500;72;    ;0;0;85;    ;353;190;90;33;112;187;271;    ;
5.510;    ;0;647;74;0;95;49;    ;0;500;72;    ;0;0;85;    ;353;190;90;33;112;187;271;    ;
5.543;    ;0;647;74;0;95;49;    ;0;500;72;    ;0;0;85;    ;353;190;90;33;112;187;271;    ;
5.575;    ;0;647;74;0;95;49;    ;0;500;72;    ;0;0;85;    ;353;190;90;33;112;187;271;    ;
5.610;    ;0;647;74;0;95;49;    ;0;500;72;    ;0;0;85;    ;353;190;90;33;112;187;271;    ;
5.641;    ;0;647;74;0;94;48;    ;0;500;72;    ;0;0;85;    ;353;190;90;33;112;187;271;    ;
5.674;    ;0;647;74;0;95;49;    ;0;500;72;    ;0;0;85;    ;353;190;90;33;112;187;271;    ;
5.704;    ;0;647;74;0;95;49;    ;0;500;72;    ;0;0;85;    ;353;190;90;33;112;187;271;    ;
5.740;    ;0;647;74;0;95;49;    ;0;500;72;    ;0;0;85;    ;353;190;90;33;112;187;271;    ;
5.771;    ;0;647;74;0;95;49;    ;0;500;72;    ;0;0;85;    ;353;190;90;33;112;187;271;    ;
5.807;    ;0;647;74;0;95;49;    ;0;500;72;    ;0;0;85;    ;353;190;90;33;112;187;271;    ;
5.839;    ;0;647;74;0;95;49;    ;0;500;72;    ;0;0;85;    ;353;190;90;33;112;187;271;    ;
5.868;    ;0;647;74;0;95;49;    ;0;500;72;    ;0;0;85;    ;353;190;90;33;112;187;271;    ;
5.903;    ;0;647;74;0;95;49;    ;0;500;72;    ;0;0;85;    ;353;190;90;33;112;187;271;    ;
5.935;    ;0;647;74;0;95;49;    ;0;500;72;    ;0;0;85;    ;353;190;90;33;112;187;271;    ;
5.969;    ;0;647;74;0;94;48;    ;0;500;72;    ;0;0;85;    ;353;190;90;34;112;187;271;    ;
6.010;    ;0;647;74;0;95;49;    ;0;500;73;    ;0;0;85;    ;353;190;90;33;112;187;271;    ;
6.040;    ;0;647;74;0;95;49;    ;0;500;72;    ;0;0;85;    ;353;190;90;33;112;187;271;    ;
6.071;    ;0;647;74;0;95;49;    ;0;500;72;    ;0;0;85;    ;353;190;90;33;112;187;271;    ;
6.106;    ;0;647;74;0;95;49;    ;0;500;72;    ;0;0;85;    ;353;190;90;33;112;187;271;    ;
6.138;    ;0;647;74;0;95;49;    ;0;500;72;    ;0;0;85;    ;353;190;90;33;112;187;271;    ;
6.166;    ;0;647;74;0;95;49;    ;0;500;72;    ;0;0;85;    ;353;190;90;33;112;187;271;    ;
6.204;    ;0;647;74;0;95;49;    ;0;500;72;    ;0;0;85;    ;353;190;90;33;112;187;271;    ;
6.238;    ;0;647;74;0;95;49;    ;0;500;72;    ;0;0;85;    ;353;190;90;33;112;187;271;    ;
6.273;    ;0;647;74;0;94;48;    ;0;500;72;    ;0;0;85;    ;353;190;90;33;112;187;271;    ;
6.309;    ;0;647;74;0;94;48;    ;0;500;72;    ;0;0;85;    ;353;190;90;33;112;187;271;    ;
6.342;    ;0;647;74;0;94;48;    ;0;500;72;    ;0;0;85;    ;353;190;90;33;112;187;271;    ;
6.372;    ;0;647;74;0;95;49;    ;0;500;72;    ;0;0;85;    ;353;190;90;33;112;187;271;    ;
6.403;    ;0;647;74;0;95;49;    ;0;500;72;    ;0;0;85;    ;353;190;90;33;112;187;271;    ;
6.439;    ;0;647;74;0;95;49;    ;0;500;72;    ;0;0;85;    ;353;190;90;33;112;187;271;    ;
6.473;    ;0;647;74;0;95;49;    ;0;500;72;    ;0;0;85;    ;353;190;90;33;112;187;271;    ;
6.508;    ;0;647;74;0;95;49;    ;0;500;72;    ;0;0;85;    ;353;190;90;33;112;187;271;    ;
6.540;    ;0;647;74;0;95;49;    ;0;500;72;    ;0;0;85;    ;353;190;90;33;112;187;271;    ;
6.573;    ;0;647;74;0;95;49;    ;0;500;72;    ;0;0;85;    ;353;190;90;33;112;187;271;    ;
6.608;    ;0;647;74;0;94;48;    ;0;500;72;    ;0;0;85;    ;353;190;90;33;112;187;271;    ;
6.635;    ;0;647;74;0;95;49;    ;0;500;72;    ;0;0;85;    ;353;190;90;33;112;187;271;    ;
6.672;    ;0;647;74;0;95;49;    ;0;500;72;    ;0;0;85;    ;353;190;90;33;112;187;271;    ;
6.708;    ;0;647;74;0;95;49;    ;0;500;72;    ;0;0;85;    ;353;190;90;33;112;187;271;    ;
6.751;    ;0;647;74;0;95;49;    ;0;500;72;    ;0;0;85;    ;353;190;90;33;112;187;271;    ;
6.769;    ;0;647;74;0;95;49;    ;0;500;72;    ;0;0;85;    ;353;190;90;33;112;187;271;    ;
6.806;    ;0;647;74;0;95;49;    ;0;500;72;    ;0;0;85;    ;353;190;90;33;112;187;271;    ;
6.834;    ;0;647;74;0;95;49;    ;0;500;72;    ;0;0;85;    ;353;190;90;33;112;187;271;    ;
6.866;    ;0;647;74;0;95;49;    ;0;500;72;    ;0;0;85;    ;353;190;90;33;112;187;271;    ;
6.906;    ;0;647;74;0;95;49;    ;0;500;72;    ;0;0;85;    ;353;190;90;33;112;187;271;    ;
6.941;    ;0;647;74;0;94;48;    ;0;500;72;    ;0;0;85;    ;353;190;90;33;112;187;271;    ;
6.973;    ;0;647;74;0;95;49;    ;0;500;72;    ;0;0;85;    ;353;190;90;33;112;187;271;    ;
7.009;    ;0;647;74;0;95;49;    ;0;500;72;    ;0;0;85;    ;353;190;90;33;112;187;271;    ;
7.042;    ;0;647;74;0;95;49;    ;0;500;72;    ;0;0;85;    ;353;190;90;33;112;187;271;    ;
7.074;    ;0;647;74;0;95;49;    ;0;500;72;    ;0;0;85;    ;353;190;90;33;112;187;271;    ;
7.110;    ;0;647;74;0;95;49;    ;0;500;72;    ;0;0;85;    ;353;190;90;33;112;187;271;    ;
7.145;    ;0;647;74;0;95;49;    ;0;500;72;    ;0;0;85;    ;353;190;90;33;112;187;271;    ;
7.174;    ;0;647;74;0;95;49;    ;0;500;72;    ;0;0;85;    ;353;190;90;33;112;187;271;    ;
7.211;    ;0;647;74;0;95;49;    ;0;500;72;    ;0;0;85;    ;353;190;90;33;112;187;271;    ;
7.236;    ;0;647;74;0;95;49;    ;0;500;72;    ;0;0;85;    ;353;190;90;33;112;187;271;    ;
7.266;    ;0;647;74;0;94;48;    ;0;500;72;    ;0;0;85;    ;353;190;90;33;112;187;271;    ;
7.304;    ;0;647;74;0;95;49;    ;0;500;72;    ;0;0;85;    ;353;190;90;33;112;187;271;    ;
7.335;    ;0;647;74;0;95;49;    ;0;500;72;    ;0;0;85;    ;353;190;90;33;112;187;271;    ;
7.366;    ;0;647;74;0;95;49;    ;0;500;72;    ;0;0;85;    ;353;190;90;33;112;187;271;    ;
7.406;    ;0;647;74;0;95;49;    ;0;500;72;    ;0;0;85;    ;353;190;90;33;112;187;271;    ;
7.435;    ;0;647;74;0;95;49;    ;0;500;72;    ;0;0;85;    ;353;190;90;33;112;187;271;    ;
7.467;    ;0;647;74;0;95;49;    ;0;500;72;    ;0;0;85;    ;353;190;90;33;112;187;271;    ;
7.502;    ;0;647;74;0;95;49;    ;0;500;72;    ;0;0;85;    ;353;190;90;33;112;187;271;    ;
7.538;    ;0;647;74;0;95;49;    ;0;500;72;    ;0;0;85;    ;353;190;90;33;112;187;271;    ;
7.571;    ;0;647;74;0;95;49;    ;0;500;72;    ;0;0;85;    ;353;190;90;33;112;187;271;    ;
7.610;    ;0;647;74;0;94;48;    ;0;500;72;    ;0;0;85;    ;353;190;90;33;112;187;271;    ;
7.635;    ;0;647;74;0;95;49;    ;0;500;72;    ;0;0;85;    ;353;190;90;33;112;187;271;    ;
7.664;    ;0;647;74;0;95;49;    ;0;500;72;    ;0;0;85;    ;353;190;90;33;112;187;271;    ;
7.702;    ;0;647;74;0;95;49;    ;0;500;72;    ;0;0;85;    ;353;190;90;33;112;187;271;    ;
7.735;    ;0;647;74;0;95;49;    ;0;500;72;    ;0;0;85;    ;353;190;90;33;112;187;271;    ;
7.771;    ;0;647;74;0;95;49;    ;0;500;72;    ;0;0;85;    ;353;190;90;33;112;187;271;    ;
7.803;    ;0;647;74;0;95;49;    ;0;500;72;    ;0;0;85;    ;353;190;90;33;112;187;271;    ;
7.840;    ;0;647;74;0;95;49;    ;0;500;72;    ;0;0;85;    ;353;190;90;33;112;187;271;    ;
7.873;    ;0;647;74;0;95;49;    ;0;500;72;    ;0;0;85;    ;353;190;90;33;112;187;271;    ;
7.910;    ;0;647;74;0;95;49;    ;0;500;72;    ;0;0;85;    ;353;190;90;33;112;187;271;    ;
7.941;    ;0;647;74;0;95;49;    ;0;500;72;    ;0;0;85;    ;353;190;90;34;112;187;271;    ;
7.975;    ;0;647;74;0;94;49;    ;0;500;73;    ;0;0;85;    ;353;190;90;33;112;187;271;    ;
8.011;    ;0;647;74;0;94;49;    ;0;500;72;    ;0;0;85;    ;353;190;90;33;112;187;271;    ;
8.041;    ;0;646;74;0;94;49;    ;0;500;72;    ;0;0;85;    ;353;190;90;33;112;187;271;    ;
8.075;    ;0;646;74;0;95;49;    ;0;500;72;    ;0;0;85;    ;353;190;90;34;112;187;271;    ;
8.110;    ;0;646;74;0;95;49;    ;0;500;72;    ;0;0;85;    ;353;190;90;33;112;187;271;    ;
8.143;    ;0;646;74;0;94;49;    ;0;500;72;    ;0;0;85;    ;353;190;90;33;112;187;271;    ;
8.175;    ;0;646;74;0;95;49;    ;0;500;72;    ;0;0;85;    ;353;190;90;33;112;187;271;    ;
8.209;    ;0;646;74;0;95;49;    ;0;500;72;    ;0;0;85;    ;353;190;90;33;112;187;271;    ;
8.244;    ;0;645;74;0;95;49;    ;0;500;72;    ;0;0;85;    ;353;190;90;33;112;187;271;    ;
8.275;    ;0;645;74;0;94;49;    ;0;500;72;    ;0;0;85;    ;353;190;90;33;112;187;271;    ;
8.304;    ;0;644;74;0;93;48;    ;0;500;72;    ;0;0;85;    ;353;190;90;33;112;187;271;    ;
8.335;    ;0;644;74;0;95;49;    ;0;500;72;    ;0;0;85;    ;353;190;90;33;112;187;271;    ;
8.367;    ;0;643;74;0;95;49;    ;0;500;72;    ;0;0;85;    ;353;190;90;33;112;187;271;    ;
8.409;    ;0;643;74;0;95;49;    ;0;500;72;    ;0;0;85;    ;353;190;90;33;112;187;271;    ;
8.442;    ;0;643;74;0;94;49;    ;0;500;72;    ;0;0;85;    ;353;190;90;33;112;187;271;    ;
8.474;    ;0;642;74;0;95;49;    ;0;500;72;    ;0;0;85;    ;353;190;90;33;112;187;271;    ;
8.510;    ;0;641;74;0;94;49;    ;0;500;72;    ;0;0;85;    ;353;190;90;33;112;187;271;    ;
8.542;    ;0;641;74;0;95;49;    ;0;500;72;    ;0;0;85;    ;353;190;90;33;112;187;271;    ;
8.574;    ;0;640;74;0;95;49;    ;0;500;72;    ;0;0;85;    ;353;190;90;33;112;187;271;    ;
8.612;    ;0;640;74;0;95;49;    ;0;500;72;    ;0;0;85;    ;353;190;90;33;112;187;271;    ;
8.641;    ;0;639;74;0;95;49;    ;0;500;72;    ;0;0;85;    ;353;190;90;33;112;187;271;    ;
8.674;    ;0;639;74;0;95;49;    ;0;500;72;    ;0;0;85;    ;353;190;90;33;112;187;271;    ;
8.709;    ;0;638;74;0;95;49;    ;0;500;72;    ;0;0;85;    ;353;190;90;33;112;187;271;    ;
8.742;    ;0;637;74;0;95;49;    ;0;500;72;    ;0;0;85;    ;353;190;90;33;112;187;271;    ;
8.770;    ;0;636;74;0;95;49;    ;0;500;72;    ;0;0;85;    ;353;190;90;33;112;187;271;    ;
8.807;    ;0;635;74;0;94;49;    ;0;500;72;    ;0;0;85;    ;353;190;90;33;112;187;271;    ;
8.838;    ;0;634;74;0;95;49;    ;0;500;72;    ;0;0;85;    ;353;190;90;33;112;187;271;    ;
8.871;    ;0;634;74;0;95;49;    ;0;500;72;    ;0;0;85;    ;353;190;90;33;112;187;271;    ;
8.907;    ;0;633;74;0;94;48;    ;0;500;72;    ;0;0;85;    ;353;190;90;33;112;187;271;    ;
8.937;    ;0;632;74;0;94;48;    ;0;500;72;    ;0;0;85;    ;353;190;90;33;112;187;271;    ;
8.969;    ;0;631;74;0;95;49;    ;0;500;72;    ;0;0;85;    ;353;190;90;33;112;187;271;    ;
9.011;    ;0;630;74;0;95;49;    ;0;500;72;    ;0;0;85;    ;353;190;90;33;112;187;271;    ;
9.041;    ;0;629;74;0;95;49;    ;0;500;72;    ;0;0;85;    ;353;190;90;33;112;187;271;    ;
9.073;    ;0;628;74;0;95;49;    ;0;500;72;    ;0;0;85;    ;353;190;90;33;112;187;271;    ;
9.109;    ;0;627;74;0;95;49;    ;0;500;72;    ;0;0;85;    ;353;190;90;33;112;187;271;    ;
9.141;    ;0;626;74;0;95;49;    ;0;500;72;    ;0;0;85;    ;353;190;90;33;112;187;271;    ;
9.173;    ;0;625;74;0;95;49;    ;0;500;72;    ;0;0;85;    ;353;190;90;33;112;187;271;    ;
9.210;    ;0;623;74;0;95;49;    ;0;500;72;    ;0;0;85;    ;353;190;90;33;112;187;271;    ;
9.241;    ;0;622;74;0;95;49;    ;0;500;72;    ;0;0;85;    ;353;190;90;33;112;187;271;    ;
9.272;    ;0;621;74;0;95;49;    ;0;500;72;    ;0;0;85;    ;353;190;90;32;112;187;271;    ;
9.303;    ;0;620;74;0;95;49;    ;0;500;72;    ;0;0;85;    ;353;190;90;32;112;187;271;    ;
9.336;    ;0;618;74;0;95;49;    ;0;500;72;    ;0;0;85;    ;353;190;90;32;112;187;271;348;    ;
9.371;    ;0;617;74;0;95;49;    ;0;500;72;    ;0;0;85;    ;353;190;90;32;112;187;271;348;    ;
9.410;    ;0;616;74;0;95;49;    ;0;500;72;    ;0;0;85;    ;353;190;90;32;112;187;271;    ;
9.441;    ;0;615;74;0;95;49;    ;0;500;72;    ;0;0;85;    ;353;190;90;32;112;187;271;348;    ;
9.474;    ;0;613;74;0;95;49;    ;0;500;72;    ;0;0;85;    ;353;190;90;32;112;187;271;348;    ;
9.510;    ;0;612;74;0;95;49;    ;0;500;72;    ;0;0;85;    ;353;190;90;32;112;186;271;    ;
9.542;    ;0;610;74;0;95;49;    ;0;500;72;    ;0;0;85;    ;353;190;90;32;112;186;271;    ;
9.575;    ;0;609;74;0;94;48;    ;0;500;72;    ;0;0;85;    ;353;190;90;32;112;186;271;    ;
9.611;    ;0;607;74;0;95;49;    ;0;500;72;    ;0;0;85;    ;353;190;90;32;112;186;271;    ;
9.643;    ;0;606;74;0;94;49;    ;0;500;72;    ;0;0;85;    ;353;190;90;32;112;186;271;348;    ;
9.675;    ;0;604;74;0;95;49;    ;0;500;72;    ;0;0;85;    ;353;190;90;32;112;186;271;    ;
9.712;    ;0;602;74;0;95;49;    ;0;500;72;    ;0;0;85;    ;353;190;90;32;112;186;271;    ;
9.743;    ;0;601;74;0;95;49;    ;0;500;72;    ;0;0;85;    ;353;190;90;32;112;186;271;    ;
9.774;    ;0;599;74;0;94;49;    ;0;500;72;    ;0;0;85;    ;353;190;90;33;112;186;271;348;    ;
9.811;    ;0;598;74;0;95;49;    ;0;500;72;    ;0;0;85;    ;353;190;90;33;112;186;271;    ;
9.843;    ;0;596;74;0;94;49;    ;0;500;72;    ;0;0;85;    ;353;190;90;33;112;186;271;    ;
9.875;    ;0;594;74;0;94;49;    ;0;500;72;    ;0;0;85;    ;353;190;90;33;112;186;271;    ;
9.911;    ;0;592;74;0;95;49;    ;0;500;72;    ;0;0;85;    ;353;190;90;33;112;187;270;348;    ;
9.943;    ;0;591;74;0;94;49;    ;0;500;72;    ;0;0;85;    ;353;190;90;33;112;186;271;    ;
9.975;    ;0;589;74;0;94;49;    ;0;500;72;    ;0;0;85;    ;353;190;90;33;112;186;271;    ;
10.010;    ;0;587;74;0;95;49;    ;0;500;72;    ;0;0;85;    ;353;190;90;33;112;186;271;    ;
10.043;    ;0;585;74;0;95;49;    ;0;500;72;    ;0;0;85;    ;353;190;90;33;112;186;271;    ;
10.075;    ;0;583;74;0;94;49;    ;0;500;72;    ;0;0;85;    ;353;190;90;33;112;186;271;    ;
10.123;    ;0;582;74;0;94;49;    ;0;500;72;    ;0;0;85;    ;353;190;90;33;112;186;270;    ;
10.149;    ;0;580;74;0;94;49;    ;0;500;72;    ;0;0;85;    ;353;190;90;33;112;188;270;    ;
10.168;    ;0;578;74;0;95;49;    ;0;500;72;    ;0;0;85;    ;353;190;90;33;112;188;270;    ;
10.206;    ;0;576;74;0;95;49;    ;0;500;72;    ;0;0;85;    ;353;190;90;33;112;186;270;348;    ;
10.239;    ;0;574;74;0;94;49;    ;0;500;72;    ;0;0;85;    ;353;190;90;33;112;187;270;    ;
10.274;    ;0;572;74;0;94;49;    ;0;500;72;    ;0;0;85;    ;353;190;90;33;112;187;270;    ;
10.308;    ;0;570;74;0;93;49;    ;0;500;72;    ;0;0;85;    ;353;190;90;33;112;187;270;    ;
10.340;    ;0;568;74;0;93;49;    ;0;500;72;    ;0;0;85;    ;353;190;90;33;112;186;270;    ;
10.371;    ;0;566;74;0;95;49;    ;0;500;72;    ;0;0;85;    ;353;190;90;33;112;186;270;    ;
10.410;    ;0;564;74;0;94;49;    ;0;500;72;    ;0;0;85;    ;353;190;90;33;112;188;270;347;    ;
10.443;    ;0;562;74;0;94;49;    ;0;500;72;    ;0;0;85;    ;353;190;90;33;112;188;270;347;    ;
10.474;    ;0;560;74;0;94;49;    ;0;500;72;    ;0;0;85;    ;353;190;90;33;112;187;270;347;    ;
10.511;    ;0;557;74;0;94;49;    ;0;500;72;    ;0;0;85;    ;353;190;90;33;112;187;270;    ;
10.541;    ;0;555;74;0;94;49;    ;0;500;72;    ;0;0;85;    ;353;190;90;33;112;187;269;    ;
10.575;    ;0;553;74;0;94;49;    ;0;500;72;    ;0;0;85;    ;353;190;90;33;112;187;269;347;    ;
10.608;    ;0;551;74;0;94;49;    ;0;500;72;    ;0;0;85;    ;353;190;90;33;112;187;269;    ;
10.640;    ;0;548;74;0;94;49;    ;0;500;72;    ;0;0;85;    ;353;190;90;33;112;187;269;347;    ;
10.673;    ;0;546;74;0;93;49;    ;0;499;72;    ;0;0;85;    ;353;190;90;33;112;187;269;347;    ;
10.709;    ;0;544;74;0;94;49;    ;0;499;72;    ;0;0;85;    ;353;190;90;33;112;187;269;347;    ;
10.740;    ;0;541;74;0;94;49;    ;0;498;72;    ;0;0;85;    ;353;190;90;33;112;187;269;347;    ;
10.773;    ;0;539;74;0;93;49;    ;0;498;72;    ;0;0;85;    ;353;190;90;33;112;187;271;346;    ;
10.810;    ;0;537;74;0;93;49;    ;0;497;72;    ;0;0;85;    ;353;190;90;33;112;187;269;346;    ;
10.839;    ;0;534;74;0;94;49;    ;0;497;72;    ;0;0;85;    ;353;190;90;33;112;187;270;346;    ;
10.872;    ;0;532;74;0;94;49;    ;0;496;72;    ;0;0;85;    ;353;190;90;33;112;187;270;346;    ;
10.907;    ;0;530;74;-1;95;48;    ;0;496;72;    ;0;0;85;    ;353;190;90;33;112;187;269;346;    ;
10.940;    ;0;527;74;0;94;49;    ;0;495;72;    ;0;0;84;    ;353;190;90;33;112;187;271;346;    ;
10.971;    ;0;524;74;0;93;49;    ;0;495;72;    ;0;0;85;    ;353;190;90;33;112;187;271;346;    ;
11.007;    ;0;522;74;0;93;49;    ;0;494;72;    ;0;0;85;    ;353;190;90;33;112;187;271;346;    ;
11.039;    ;0;520;74;0;93;49;    ;0;494;72;    ;0;0;85;    ;353;190;90;33;112;187;271;346;    ;
11.071;    ;0;517;74;0;93;49;    ;0;493;72;    ;0;0;85;    ;353;190;90;33;112;187;271;346;    ;
11.105;    ;0;514;74;0;93;48;    ;0;493;72;    ;0;0;85;    ;353;190;90;33;112;187;271;346;    ;
11.137;    ;0;512;74;0;93;49;    ;0;492;72;    ;0;0;85;    ;353;190;90;32;112;187;271;346;    ;
11.171;    ;0;509;74;0;93;48;    ;0;492;72;    ;0;0;85;    ;353;190;90;32;112;187;270;346;    ;
11.210;    ;0;506;74;0;93;48;    ;0;491;72;    ;0;2;85;    ;353;190;90;32;112;187;271;346;    ;
11.242;    ;0;504;74;0;93;48;    ;0;491;72;    ;0;0;85;    ;353;190;90;32;112;187;271;346;    ;
11.274;    ;0;501;74;0;93;48;    ;0;490;72;    ;0;1;85;    ;353;190;90;32;112;187;269;346;    ;
11.310;    ;0;498;74;0;93;48;    ;0;490;72;    ;0;2;85;    ;353;190;90;32;112;187;271;346;    ;
11.343;    ;0;496;74;0;93;48;    ;0;489;72;    ;0;6;85;    ;353;190;90;32;112;187;270;346;    ;
11.374;    ;0;493;74;0;94;48;    ;0;489;72;    ;0;0;85;    ;353;190;90;33;112;187;269;347;    ;
11.411;    ;0;490;74;0;93;48;    ;0;488;72;    ;0;9;85;    ;353;190;90;32;112;187;271;347;    ;
11.444;    ;0;487;74;0;93;48;    ;0;488;72;    ;0;5;85;    ;353;190;90;33;112;187;270;347;    ;
11.475;    ;0;484;74;0;92;48;    ;0;487;72;    ;0;11;85;    ;353;190;90;33;112;187;269;347;    ;
11.512;    ;0;482;74;0;92;48;    ;0;487;72;    ;0;9;85;    ;353;190;90;33;112;187;270;347;    ;
11.548;    ;0;479;74;0;93;48;    ;0;486;72;    ;0;8;85;    ;353;190;90;33;112;187;270;347;    ;
11.575;    ;0;476;74;0;93;48;    ;0;486;72;    ;0;11;85;    ;353;190;90;33;112;187;270;347;    ;
11.610;    ;0;473;74;0;92;48;    ;0;485;72;    ;0;16;85;    ;353;190;90;33;112;187;270;347;    ;
11.643;    ;0;470;74;0;92;48;    ;0;485;72;    ;0;12;85;    ;353;190;90;33;112;187;270;347;    ;
11.674;    ;0;467;74;0;92;48;    ;0;484;72;    ;0;18;85;    ;353;190;90;33;112;187;270;347;    ;
11.711;    ;0;464;74;0;92;48;    ;0;484;72;    ;0;15;85;    ;353;190;90;33;112;187;270;347;    ;
11.742;    ;0;461;74;0;92;48;    ;0;483;72;    ;0;19;85;    ;353;190;90;33;112;187;270;347;    ;
11.775;    ;0;458;74;0;92;48;    ;0;483;72;    ;0;18;85;    ;353;190;90;33;112;187;270;347;    ;
11.816;    ;0;455;74;0;92;48;    ;0;482;72;    ;0;22;85;    ;353;190;90;33;112;187;270;347;    ;
11.840;    ;0;452;74;0;92;48;    ;0;482;72;    ;0;19;85;    ;353;190;90;33;112;187;270;347;    ;
11.872;    ;0;448;74;0;92;48;    ;0;481;72;    ;0;29;85;    ;353;190;90;32;112;187;270;347;    ;
11.912;    ;0;445;74;0;92;48;    ;0;481;72;    ;0;27;85;    ;353;190;90;32;112;187;270;347;    ;
11.945;    ;0;442;74;0;92;48;    ;0;480;72;    ;0;27;85;    ;353;190;90;32;112;187;270;347;    ;
11.974;    ;0;439;74;0;92;48;    ;0;480;72;    ;0;26;85;    ;353;190;90;32;112;187;270;347;    ;
12.010;    ;0;436;74;0;92;48;    ;0;479;72;    ;0;33;85;    ;353;190;90;32;112;187;270;347;    ;
12.042;    ;0;433;74;0;91;48;    ;0;479;72;    ;0;29;85;    ;353;190;90;32;112;187;270;347;    ;
12.073;    ;0;430;74;0;92;48;    ;0;478;72;    ;0;35;85;    ;353;190;90;32;112;187;270;347;    ;
12.110;    ;0;428;74;0;92;48;    ;0;478;72;    ;0;33;85;    ;353;190;90;33;112;187;270;347;    ;
12.139;    ;0;425;75;0;92;48;    ;0;477;72;    ;0;33;85;    ;353;190;90;33;112;187;270;347;    ;
12.173;    ;0;423;75;0;92;48;    ;0;477;72;    ;0;36;85;    ;353;190;90;33;112;186;270;347;    ;
12.210;    ;0;422;75;0;91;48;    ;0;476;72;    ;0;36;85;    ;353;190;90;33;112;187;270;347;    ;
12.241;    ;0;420;75;0;91;48;    ;0;476;72;    ;0;30;85;    ;353;190;90;33;112;187;272;346;    ;
12.274;    ;0;419;75;0;92;48;    ;0;475;72;    ;0;39;85;    ;353;190;90;33;112;187;270;347;    ;
12.310;    ;0;419;75;0;91;48;    ;0;475;72;    ;0;32;85;    ;353;190;90;33;112;187;272;347;    ;
12.340;    ;0;418;75;0;92;48;    ;0;474;72;    ;0;32;85;    ;353;190;90;33;112;186;272;347;    ;
12.372;    ;0;419;75;0;91;49;    ;0;474;72;    ;0;33;85;    ;353;190;90;33;112;186;270;346;    ;
12.408;    ;0;419;75;0;92;48;    ;0;473;72;    ;0;29;85;    ;353;190;90;33;112;186;270;348;    ;
12.440;    ;0;420;75;0;90;47;    ;0;473;72;    ;0;29;85;    ;353;190;90;33;112;186;270;348;    ;
12.472;    ;0;421;75;0;92;48;    ;0;472;72;    ;0;29;85;    ;353;190;90;33;112;185;271;347;    ;
12.511;    ;0;423;75;0;91;48;    ;0;472;72;    ;0;25;85;    ;353;190;90;33;112;186;270;347;    ;
12.543;    ;0;424;75;0;92;48;    ;0;471;72;    ;0;25;85;    ;353;190;90;33;112;186;271;347;    ;
12.573;    ;0;426;75;0;91;48;    ;0;471;72;    ;0;23;85;    ;353;190;90;33;112;186;271;347;    ;
12.611;    ;0;428;75;0;91;48;    ;0;470;72;    ;0;22;85;    ;353;190;90;33;112;185;271;348;    ;
12.644;    ;0;430;75;0;92;48;    ;0;470;72;    ;0;19;85;    ;353;190;90;33;112;187;271;347;    ;
12.674;    ;0;432;75;0;92;48;    ;0;469;72;    ;0;21;85;    ;353;190;90;33;112;187;271;347;    ;
12.712;    ;0;434;75;0;92;48;    ;0;469;72;    ;0;15;85;    ;353;190;90;33;112;187;271;348;    ;
12.743;    ;0;436;75;0;92;48;    ;0;468;72;    ;0;20;85;    ;353;190;90;33;112;186;271;348;    ;
12.775;    ;0;438;75;0;92;48;    ;0;468;72;    ;0;14;85;    ;353;190;90;33;112;188;271;346;    ;
12.811;    ;0;440;75;0;92;48;    ;0;467;72;    ;0;17;85;    ;353;190;90;33;112;188;271;347;    ;
12.842;    ;0;441;75;0;91;48;    ;0;467;72;    ;0;13;85;    ;353;190;90;33;112;188;271;346;    ;
12.874;    ;0;443;75;0;92;48;    ;0;466;72;    ;0;19;85;    ;353;190;90;33;112;186;271;347;    ;
12.911;    ;0;445;75;0;92;48;    ;0;466;72;    ;0;12;85;    ;353;190;90;33;112;186;271;346;    ;
12.943;    ;0;446;75;0;92;48;    ;0;465;72;    ;0;14;85;    ;353;190;90;33;112;187;271;347;    ;
12.975;    ;0;448;76;0;92;48;    ;0;465;72;    ;0;13;85;    ;353;190;90;33;113;187;271;346;    ;
13.011;    ;0;448;76;0;92;48;    ;0;464;73;    ;0;12;85;    ;353;190;90;33;113;187;271;346;    ;
13.043;    ;0;449;76;0;92;48;    ;0;464;73;    ;0;16;85;    ;353;190;90;33;113;187;271;347;    ;
13.075;    ;0;450;76;0;91;47;    ;0;463;73;    ;0;15;85;    ;353;190;90;33;112;186;271;346;    ;
13.111;    ;0;451;76;0;91;48;    ;0;463;72;    ;0;10;85;    ;353;190;90;33;112;186;271;346;    ;
13.143;    ;0;451;76;0;92;48;    ;0;462;72;    ;0;14;85;    ;353;190;90;33;112;187;271;348;    ;
13.175;    ;0;451;76;0;92;48;    ;0;462;72;    ;0;13;85;    ;353;190;90;32;113;187;271;347;    ;
13.212;    ;0;452;76;0;92;48;    ;0;461;72;    ;0;17;85;    ;353;190;90;32;113;187;271;346;    ;
13.244;    ;0;451;76;0;92;48;    ;0;461;72;    ;0;10;85;    ;353;190;90;32;113;187;271;347;    ;
13.274;    ;0;451;76;0;92;48;    ;0;460;72;    ;0;21;85;    ;353;190;90;32;113;187;271;346;    ;
13.311;    ;0;451;76;0;91;48;    ;0;460;72;    ;0;13;85;    ;353;190;90;32;112;187;271;346;    ;
13.341;    ;0;450;76;0;92;48;    ;0;459;72;    ;0;17;85;    ;353;190;90;32;112;187;271;346;    ;
13.374;    ;0;450;76;0;93;48;    ;0;459;72;    ;0;17;85;    ;353;190;90;32;113;187;271;347;    ;
13.417;    ;0;449;76;0;92;48;    ;0;458;72;    ;0;17;85;    ;353;190;90;31;113;187;271;347;    ;
13.443;    ;0;448;76;0;92;48;    ;0;458;72;    ;0;17;85;    ;353;190;90;31;114;186;271;347;    ;
13.472;    ;0;447;76;0;92;48;    ;0;457;72;    ;0;22;85;    ;353;190;90;31;114;187;271;347;    ;
13.510;    ;0;446;76;0;92;48;    ;0;457;72;    ;0;17;85;    ;353;190;90;31;114;187;271;347;    ;
13.541;    ;0;445;76;0;92;48;    ;0;456;72;    ;0;21;85;    ;353;190;90;31;114;187;271;347;    ;
13.575;    ;0;444;76;0;92;48;    ;0;456;72;    ;0;18;85;    ;353;190;90;31;113;187;271;347;    ;
13.611;    ;0;443;76;0;92;48;    ;0;455;72;    ;0;22;85;    ;353;190;90;31;113;187;271;348;    ;
13.642;    ;0;441;76;0;91;47;    ;0;455;72;    ;0;19;85;    ;353;190;90;31;112;187;271;346;    ;
13.671;    ;0;440;76;0;92;47;    ;0;454;71;    ;0;28;85;    ;353;190;90;31;112;187;271;348;    ;
13.712;    ;0;439;76;0;92;47;    ;0;454;71;    ;0;20;85;    ;353;190;90;31;112;187;271;347;    ;
13.743;    ;0;437;76;0;91;47;    ;0;453;71;    ;0;24;85;    ;353;190;90;31;112;186;271;347;    ;
13.776;    ;0;436;76;0;92;47;    ;0;453;71;    ;0;25;85;    ;353;190;90;31;113;186;271;346;    ;
13.806;    ;0;435;76;0;92;48;    ;0;452;71;    ;0;25;85;    ;353;190;90;31;114;186;271;347;    ;
13.839;    ;0;433;76;0;92;47;    ;0;452;72;    ;0;22;85;    ;353;190;90;31;114;186;271;347;    ;
13.872;    ;0;432;76;0;91;47;    ;0;451;72;    ;0;30;85;    ;353;190;90;31;113;186;271;    ;
13.906;    ;0;431;76;0;91;48;    ;0;451;72;    ;0;23;85;    ;353;190;90;31;113;186;271;    ;
13.941;    ;0;430;76;0;92;48;    ;0;450;72;    ;0;27;85;    ;353;190;90;31;113;186;271;346;    ;
13.969;    ;0;429;77;0;92;48;    ;0;450;72;    ;0;24;85;    ;353;190;90;31;113;186;271;346;    ;
14.008;    ;0;429;76;0;92;48;    ;0;449;72;    ;0;29;85;    ;353;190;90;31;113;186;271;    ;
14.043;    ;0;428;77;0;92;48;    ;0;449;72;    ;0;21;85;    ;353;190;90;31;113;188;271;    ;
14.072;    ;0;427;77;0;91;48;    ;0;448;72;    ;0;28;85;    ;353;190;90;31;113;188;271;    ;
14.108;    ;0;427;76;0;92;48;    ;0;448;72;    ;0;25;85;    ;353;190;90;31;113;188;271;    ;
14.140;    ;0;427;76;0;92;48;    ;0;447;72;    ;0;25;85;    ;353;190;90;31;113;188;271;    ;
14.172;    ;0;426;76;0;91;48;    ;0;447;72;    ;0;21;85;    ;353;190;90;31;113;188;271;    ;
14.208;    ;0;426;76;0;92;48;    ;0;446;72;    ;0;29;85;    ;353;190;90;31;114;188;271;    ;
14.238;    ;0;425;77;0;92;48;    ;0;446;72;    ;0;22;85;    ;353;190;90;31;113;188;271;347;    ;
14.274;    ;0;425;77;0;91;48;    ;0;445;72;    ;0;30;85;    ;353;190;90;31;112;188;271;    ;
14.308;    ;0;425;77;0;91;48;    ;0;445;72;    ;0;22;85;    ;353;190;90;32;113;188;271;347;    ;
14.337;    ;0;425;77;0;91;47;    ;0;444;71;    ;0;26;85;    ;353;190;90;32;113;188;271;347;    ;
14.372;    ;0;425;77;0;91;48;    ;0;444;72;    ;0;21;84;    ;353;190;90;32;114;188;271;    ;
14.410;    ;0;425;77;0;91;48;    ;0;443;72;    ;0;26;85;    ;353;190;90;32;113;188;271;    ;
14.438;    ;0;425;76;0;92;47;    ;0;443;72;    ;0;22;85;    ;353;190;90;32;113;188;271;    ;
14.471;    ;0;425;76;0;92;47;    ;0;442;72;    ;0;25;85;    ;353;190;90;32;112;188;271;    ;
14.509;    ;0;426;76;0;92;48;    ;0;442;72;    ;0;21;85;    ;353;190;90;32;112;188;271;    ;
14.539;    ;0;426;76;0;91;48;    ;0;441;72;    ;0;22;85;    ;353;190;90;31;114;188;271;    ;
14.572;    ;0;426;76;0;92;48;    ;0;441;72;    ;0;20;85;    ;353;190;90;31;114;188;271;    ;
14.610;    ;0;427;76;0;92;48;    ;0;440;72;    ;0;24;85;    ;353;190;90;31;114;188;271;    ;
14.642;    ;0;427;76;0;91;48;    ;0;440;72;    ;0;17;85;    ;353;190;90;31;114;188;271;348;    ;
14.675;    ;0;427;76;1;92;47;    ;0;439;72;    ;0;24;85;    ;353;190;90;31;114;188;271;348;    ;
14.708;    ;0;428;76;0;92;48;    ;0;439;72;    ;0;20;85;    ;353;190;90;31;114;188;271;349;    ;
14.739;    ;0;428;76;0;91;48;    ;0;438;72;    ;0;19;85;    ;353;190;90;31;114;187;271;348;    ;
14.769;    ;0;428;76;0;92;48;    ;0;438;72;    ;0;19;85;    ;353;190;90;31;114;189;270;349;    ;
14.807;    ;0;429;76;0;92;48;    ;0;437;72;    ;0;23;85;    ;353;190;90;31;114;189;270;349;    ;
14.839;    ;0;428;76;0;92;48;    ;0;437;72;    ;0;15;85;    ;353;190;90;31;114;189;270;349;    ;
14.872;    ;0;429;76;0;92;48;    ;0;436;72;    ;0;26;85;    ;353;190;90;31;114;189;270;349;    ;
14.910;    ;0;429;76;0;92;48;    ;0;436;72;    ;0;14;85;    ;353;190;90;31;113;189;271;349;    ;
14.942;    ;0;429;76;0;92;48;    ;0;435;72;    ;0;21;85;    ;353;190;90;31;113;189;271;349;    ;
14.975;    ;0;429;76;1;92;47;    ;0;435;72;    ;0;17;85;    ;353;190;90;31;113;189;271;349;    ;
15.011;    ;0;428;76;0;92;48;    ;0;434;72;    ;0;21;85;    ;353;190;90;31;113;189;271;349;    ;
15.043;    ;0;428;76;0;91;47;    ;0;434;72;    ;0;21;85;    ;353;190;90;32;113;189;271;349;    ;
15.071;    ;0;428;76;0;91;48;    ;0;433;72;    ;0;21;85;    ;353;190;90;32;113;189;271;349;    ;
15.110;    ;0;428;76;0;92;48;    ;0;433;72;    ;0;16;85;    ;353;190;90;31;113;189;271;    ;
15.142;    ;0;428;76;0;92;48;    ;0;432;72;    ;0;21;85;    ;353;190;90;32;113;189;271;    ;
15.171;    ;0;427;76;0;91;48;    ;0;432;72;    ;0;17;85;    ;353;190;90;32;113;189;271;    ;
15.211;    ;0;427;76;0;90;47;    ;0;431;72;    ;0;25;85;    ;353;190;90;33;113;189;270;348;    ;
15.240;    ;0;426;76;0;91;47;    ;0;431;73;    ;0;17;85;    ;353;190;90;33;113;189;270;348;    ;
15.272;    ;0;426;76;0;92;48;    ;0;430;73;    ;0;25;85;    ;353;190;90;33;113;189;270;348;    ;
15.308;    ;0;425;76;0;90;47;    ;0;430;73;    ;0;17;85;    ;353;190;90;33;113;189;270;348;    ;
15.341;    ;0;425;76;0;92;48;    ;0;429;73;    ;0;24;85;    ;353;190;90;33;113;189;270;348;    ;
15.374;    ;0;424;76;0;91;48;    ;0;429;73;    ;0;17;85;    ;353;190;90;33;113;189;270;348;    ;
15.411;    ;0;423;76;0;91;47;    ;0;428;73;    ;0;25;85;    ;353;190;90;33;113;189;270;348;    ;
15.441;    ;0;423;76;0;92;49;    ;0;428;73;    ;0;21;85;    ;353;190;90;33;113;189;270;348;    ;
15.474;    ;0;422;76;0;91;49;    ;0;427;73;    ;0;21;85;    ;353;190;90;33;113;189;270;348;    ;
15.511;    ;0;421;76;0;91;49;    ;0;427;73;    ;0;21;85;    ;353;190;90;33;113;189;270;348;    ;
15.543;    ;0;420;76;0;92;49;    ;0;426;73;    ;0;25;85;    ;353;190;90;33;113;189;270;348;    ;
15.574;    ;0;420;76;0;90;47;    ;0;426;73;    ;0;22;85;    ;353;190;90;33;113;189;270;348;    ;
15.610;    ;0;419;76;0;91;48;    ;0;425;73;    ;0;22;85;    ;353;190;90;33;113;189;270;348;    ;
15.639;    ;0;418;76;0;90;48;    ;0;425;73;    ;0;22;85;    ;353;190;90;33;113;189;270;348;    ;
15.675;    ;0;417;76;0;92;49;    ;0;424;73;    ;0;26;85;    ;353;190;90;33;113;189;270;348;    ;
15.711;    ;0;416;76;0;92;49;    ;0;424;73;    ;0;22;85;    ;353;190;90;33;113;188;270;347;    ;
15.743;    ;0;416;76;0;91;49;    ;0;423;73;    ;0;26;85;    ;353;190;90;33;113;188;270;348;    ;
15.775;    ;0;415;76;0;91;49;    ;0;423;73;    ;0;19;85;    ;353;190;90;33;113;188;270;348;    ;
15.811;    ;0;414;76;0;92;49;    ;0;422;73;    ;0;27;85;    ;353;190;90;33;114;188;270;348;    ;
15.839;    ;0;413;76;0;92;49;    ;0;422;73;    ;0;23;85;    ;353;190;90;33;114;188;270;348;    ;
15.872;    ;0;412;76;0;91;49;    ;0;421;73;    ;0;28;85;    ;353;190;90;32;114;189;270;348;    ;
15.909;    ;0;412;76;0;91;49;    ;0;421;73;    ;0;24;85;    ;353;190;90;33;114;189;270;348;    ;
15.943;    ;0;411;76;0;92;49;    ;0;420;73;    ;0;24;85;    ;353;190;90;33;114;190;270;348;    ;
15.976;    ;0;410;76;0;91;49;    ;0;420;73;    ;0;24;85;    ;353;190;90;33;114;190;270;348;    ;
16.011;    ;0;410;76;0;91;49;    ;0;419;73;    ;0;28;85;    ;353;190;90;33;114;190;270;348;    ;
16.041;    ;0;409;76;0;90;48;    ;0;419;73;    ;0;21;85;    ;353;190;90;33;114;190;270;348;    ;
16.073;    ;0;409;75;0;92;47;    ;0;418;73;    ;0;29;85;    ;353;190;90;32;114;190;270;348;    ;
16.112;    ;0;408;75;0;91;48;    ;0;418;73;    ;0;21;85;    ;353;190;90;32;113;190;270;348;    ;
16.144;    ;0;408;75;0;92;48;    ;0;417;72;    ;0;28;85;    ;353;190;90;32;113;190;270;348;    ;
16.175;    ;0;408;76;0;91;48;    ;0;417;72;    ;0;21;85;    ;353;190;90;33;113;190;270;348;    ;
16.210;    ;0;408;75;0;91;48;    ;0;416;73;    ;0;24;85;    ;353;190;90;33;113;190;270;348;    ;
16.243;    ;0;407;75;0;91;48;    ;0;416;73;    ;0;21;85;    ;353;190;90;33;113;190;270;348;    ;
16.274;    ;0;407;75;0;92;48;    ;0;415;73;    ;0;28;85;    ;353;190;90;33;114;189;270;348;    ;
16.309;    ;0;407;75;1;92;47;    ;0;415;73;    ;0;20;85;    ;353;190;90;33;113;189;270;349;    ;
16.342;    ;0;407;75;0;91;49;    ;0;414;73;    ;0;24;85;    ;353;190;90;33;113;189;270;348;    ;
16.375;    ;0;406;75;0;91;49;    ;0;414;73;    ;0;20;85;    ;353;190;90;33;113;189;270;349;    ;
16.410;    ;0;406;75;0;92;48;    ;0;413;73;    ;0;28;85;    ;353;190;90;33;113;190;269;348;    ;
16.443;    ;0;406;75;0;91;48;    ;0;413;73;    ;0;21;85;    ;353;190;90;33;113;190;269;348;    ;
16.474;    ;0;406;75;0;91;48;    ;0;412;73;    ;0;24;85;    ;353;190;90;33;113;190;269;348;    ;
16.511;    ;0;405;74;1;91;47;    ;0;412;73;    ;0;20;85;    ;353;190;90;33;113;189;269;348;    ;
16.545;    ;0;405;74;1;92;48;    ;0;411;73;    ;0;27;85;    ;353;190;90;33;113;190;269;348;    ;
16.575;    ;0;405;74;1;91;47;    ;0;411;73;    ;0;20;85;    ;353;190;90;33;113;190;269;348;    ;
16.611;    ;0;405;74;1;91;47;    ;0;410;73;    ;0;24;85;    ;353;190;90;33;114;190;269;348;    ;
16.643;    ;0;404;74;1;91;48;    ;0;410;73;    ;0;20;85;    ;353;190;90;33;114;190;269;348;    ;
16.666;    ;0;404;74;1;92;49;    ;0;409;73;    ;0;28;85;    ;353;190;90;33;114;190;269;348;    ;
16.707;    ;0;404;74;0;91;49;    ;0;409;73;    ;0;18;85;    ;353;190;90;33;112;190;269;348;    ;
16.742;    ;0;403;74;0;91;48;    ;0;408;73;    ;0;23;85;    ;353;190;90;33;113;190;269;348;    ;
16.777;    ;0;403;73;1;91;48;    ;0;408;73;    ;0;23;85;    ;353;190;90;33;113;191;269;348;    ;
16.816;    ;0;403;73;1;91;47;    ;0;407;73;    ;0;23;86;    ;353;190;90;33;114;191;269;348;    ;
16.840;    ;0;403;73;1;91;49;    ;0;407;73;    ;0;20;86;    ;353;190;90;32;113;190;269;348;    ;
16.872;    ;0;402;73;1;91;49;    ;0;406;72;    ;0;23;86;    ;353;190;90;32;114;191;269;348;    ;
16.911;    ;0;402;73;1;92;49;    ;0;406;72;    ;0;23;85;    ;353;190;90;32;112;190;269;348;    ;
16.941;    ;0;401;73;1;91;48;    ;0;405;72;    ;0;23;85;    ;353;190;90;32;113;190;269;348;    ;
16.975;    ;0;401;73;1;91;48;    ;0;405;72;    ;0;23;85;    ;353;190;90;32;114;190;269;348;    ;
17.011;    ;0;401;73;0;91;48;    ;0;404;73;    ;0;23;85;    ;353;190;90;32;113;190;269;348;    ;
17.043;    ;0;400;72;1;91;48;    ;0;404;72;    ;0;19;85;    ;353;190;90;32;112;190;269;348;    ;
17.072;    ;0;400;72;0;92;48;    ;0;403;72;    ;0;27;86;    ;353;190;90;32;112;190;269;348;    ;
17.110;    ;0;400;72;1;91;48;    ;0;403;72;    ;0;19;85;    ;353;190;90;32;112;190;269;348;    ;
17.141;    ;0;399;72;1;91;49;    ;0;402;72;    ;0;23;86;    ;353;190;90;33;112;189;269;348;    ;
17.174;    ;0;399;72;1;91;48;    ;0;402;72;    ;0;23;86;    ;353;190;90;33;112;189;269;348;    ;
17.210;    ;0;398;72;1;91;48;    ;0;401;72;    ;0;23;86;    ;353;190;90;33;112;189;269;348;    ;
17.242;    ;0;398;72;1;91;48;    ;0;401;72;    ;0;23;86;    ;353;190;90;33;112;189;269;348;    ;
17.272;    ;0;397;71;1;91;48;    ;0;400;72;    ;0;23;86;    ;353;190;90;33;112;189;269;348;    ;
17.312;    ;0;397;71;1;91;49;    ;0;400;72;    ;0;23;86;    ;353;190;90;33;112;189;269;348;    ;
17.338;    ;0;396;71;1;91;49;    ;0;399;72;    ;0;23;86;    ;353;190;90;33;112;189;269;348;    ;
17.372;    ;0;395;71;1;91;49;    ;0;399;72;    ;0;23;86;    ;353;190;90;33;111;189;269;348;    ;
17.407;    ;0;395;71;0;91;49;    ;0;398;72;    ;0;27;86;    ;353;190;90;33;113;189;269;348;    ;
17.440;    ;0;394;71;1;91;48;    ;0;398;73;    ;0;20;85;    ;353;190;90;33;113;189;269;348;    ;
17.471;    ;0;394;70;1;91;48;    ;0;397;73;    ;0;27;86;    ;353;190;90;33;113;189;269;348;    ;
17.507;    ;0;394;70;1;91;48;    ;0;397;73;    ;0;19;86;    ;353;190;90;33;113;189;269;348;    ;
17.538;    ;0;393;70;1;91;49;    ;0;396;73;    ;0;23;86;    ;353;190;90;33;113;189;269;348;    ;
17.570;    ;0;393;70;1;91;48;    ;0;396;73;    ;0;23;86;    ;353;190;90;33;113;189;269;347;    ;
17.611;    ;0;392;70;1;91;48;    ;0;395;73;    ;0;23;86;    ;353;190;90;33;113;189;269;348;    ;
17.643;    ;0;392;70;1;91;48;    ;0;395;73;    ;0;23;86;    ;353;190;90;33;113;189;269;347;    ;
17.672;    ;0;391;69;1;91;48;    ;0;394;73;    ;0;23;86;    ;353;190;90;33;113;189;269;347;    ;
17.710;    ;0;390;69;1;91;48;    ;0;394;73;    ;0;23;86;    ;353;190;90;33;113;190;269;348;    ;
17.742;    ;0;390;69;1;91;49;    ;0;393;73;    ;0;27;86;    ;353;190;90;33;113;189;269;348;    ;
17.771;    ;0;389;69;1;91;49;    ;0;393;73;    ;0;19;86;    ;353;190;90;33;113;189;270;346;    ;
17.808;    ;0;389;69;1;91;49;    ;0;392;73;    ;0;28;86;    ;353;190;90;33;113;189;270;346;    ;
17.840;    ;0;388;69;0;91;49;    ;0;392;73;    ;0;20;86;    ;353;190;90;33;113;189;270;348;    ;
17.872;    ;0;388;68;0;91;48;    ;0;391;73;    ;0;28;85;    ;353;190;90;32;112;189;270;348;    ;
17.910;    ;0;387;68;0;91;48;    ;0;391;72;    ;0;20;85;    ;353;190;90;32;112;189;270;348;    ;
17.940;    ;0;387;68;1;91;49;    ;0;390;72;    ;0;27;85;    ;353;190;90;32;112;189;270;348;    ;
17.972;    ;0;386;68;1;91;49;    ;0;390;72;    ;0;20;86;    ;353;190;90;32;112;189;269;347;    ;
18.010;    ;0;386;68;1;91;48;    ;0;389;72;    ;0;28;86;    ;353;190;90;32;113;189;269;348;    ;
18.040;    ;0;385;67;1;91;48;    ;0;389;72;    ;0;20;86;    ;353;190;90;32;113;189;269;348;    ;
18.074;    ;0;385;67;1;91;48;    ;0;388;72;    ;0;28;86;    ;353;190;90;32;113;189;269;348;    ;
18.111;    ;0;384;67;1;91;48;    ;0;388;72;    ;0;20;86;    ;353;190;90;32;113;188;270;346;    ;
18.142;    ;0;384;67;1;91;49;    ;0;387;72;    ;0;27;86;    ;353;190;90;32;113;188;270;346;    ;
18.174;    ;0;384;67;1;91;49;    ;0;387;72;    ;0;20;86;    ;353;190;90;32;113;189;270;348;    ;
18.210;    ;0;383;67;1;91;49;    ;0;386;72;    ;0;24;86;    ;353;190;90;32;112;188;270;348;    ;
18.243;    ;0;383;67;1;91;49;    ;0;386;72;    ;0;24;86;    ;353;190;90;32;112;189;270;348;    ;
18.275;    ;0;383;67;1;91;48;    ;0;385;72;    ;0;24;86;    ;353;190;90;32;112;189;270;347;    ;
18.311;    ;0;383;66;0;91;48;    ;0;385;72;    ;0;19;86;    ;353;190;90;32;112;188;270;347;    ;
18.341;    ;0;382;66;1;91;49;    ;0;384;72;    ;0;23;85;    ;353;190;90;32;112;188;270;347;    ;
18.373;    ;0;382;66;1;91;49;    ;0;384;72;    ;0;23;86;    ;353;190;90;32;112;189;270;347;    ;
18.410;    ;0;381;66;1;91;49;    ;0;383;72;    ;0;23;86;    ;353;190;90;32;112;188;270;346;    ;
18.442;    ;0;381;65;1;91;48;    ;0;383;72;    ;0;23;86;    ;353;190;90;32;112;188;270;346;    ;
18.475;    ;0;381;65;1;91;48;    ;0;382;72;    ;0;23;87;    ;353;190;90;32;112;188;270;346;    ;
18.512;    ;0;380;65;1;91;48;    ;0;382;72;    ;0;19;87;    ;353;190;90;32;112;189;270;345;    ;
18.546;    ;0;379;65;1;91;48;    ;0;381;72;    ;0;27;87;    ;353;190;90;32;112;188;270;347;    ;
18.576;    ;0;379;65;1;91;49;    ;0;381;72;    ;0;23;87;    ;353;190;90;32;112;189;269;346;    ;
18.609;    ;0;378;65;1;91;48;    ;0;380;72;    ;0;23;87;    ;353;190;90;32;112;189;269;347;    ;
18.640;    ;0;378;65;1;91;48;    ;0;380;72;    ;0;23;87;    ;353;190;90;32;112;188;269;346;    ;
18.673;    ;0;377;64;1;91;49;    ;0;379;72;    ;0;23;87;    ;353;190;90;32;112;187;269;346;    ;
18.708;    ;0;377;64;1;91;49;    ;0;379;72;    ;0;23;87;    ;353;190;90;32;112;187;269;347;    ;
18.741;    ;0;376;64;1;90;49;    ;0;378;72;    ;0;23;87;    ;353;190;90;32;112;187;269;346;    ;
18.773;    ;0;375;64;1;91;49;    ;0;378;72;    ;0;23;87;    ;353;190;90;32;112;187;269;    ;
18.812;    ;0;375;64;0;91;49;    ;0;377;72;    ;0;28;87;    ;353;190;90;32;112;188;271;    ;
18.844;    ;0;374;63;1;91;48;    ;0;377;72;    ;0;20;86;    ;353;190;90;32;112;188;269;347;    ;
18.875;    ;0;374;63;1;91;48;    ;0;376;72;    ;0;28;87;    ;353;190;90;32;112;188;269;347;    ;
18.912;    ;0;373;63;1;91;48;    ;0;376;72;    ;0;20;87;    ;353;190;90;32;112;188;270;347;    ;
18.944;    ;0;372;63;0;91;49;    ;0;375;72;    ;0;27;87;    ;353;190;90;32;111;188;270;347;    ;
18.974;    ;0;372;63;1;91;49;    ;0;375;72;    ;0;24;86;    ;353;190;90;32;112;188;271;    ;
19.013;    ;0;371;63;1;91;49;    ;0;374;72;    ;0;24;87;    ;353;190;90;32;112;188;271;    ;
19.038;    ;0;371;63;1;91;48;    ;0;374;72;    ;0;24;87;    ;353;190;90;32;112;188;271;    ;
19.076;    ;0;370;63;1;91;48;    ;0;373;72;    ;0;24;87;    ;353;190;90;32;112;188;271;346;    ;
19.110;    ;0;370;63;1;91;48;    ;0;373;72;    ;0;24;87;    ;353;190;90;32;112;188;270;346;    ;
19.142;    ;0;369;62;1;91;48;    ;0;372;72;    ;0;24;87;    ;353;190;90;32;112;187;270;346;    ;
19.170;    ;0;369;62;1;90;48;    ;0;372;72;    ;0;24;87;    ;353;190;90;32;112;187;270;346;    ;
19.203;    ;0;368;62;1;91;49;    ;0;371;72;    ;0;24;87;    ;353;190;90;33;111;187;270;346;    ;
19.241;    ;0;368;62;0;91;49;    ;0;371;72;    ;0;24;87;    ;353;190;90;33;111;187;270;345;    ;
19.269;    ;0;367;62;1;91;49;    ;0;370;72;    ;0;24;86;    ;353;190;90;33;111;187;270;346;    ;
19.304;    ;0;366;62;1;90;49;    ;0;370;72;    ;0;24;87;    ;353;190;90;33;111;187;271;346;    ;
19.340;    ;0;366;62;0;91;49;    ;0;369;72;    ;0;28;87;    ;353;190;90;33;112;187;270;346;    ;
19.373;    ;0;366;61;0;90;48;    ;0;369;72;    ;0;21;86;    ;353;190;90;32;112;187;271;346;    ;
19.411;    ;0;366;61;1;91;48;    ;0;368;72;    ;0;24;86;    ;353;190;90;33;112;188;271;345;    ;
19.441;    ;0;365;61;1;91;48;    ;0;368;72;    ;0;21;87;    ;353;190;90;33;112;188;271;345;    ;
19.472;    ;0;365;61;1;91;48;    ;0;367;72;    ;0;28;87;    ;353;190;90;33;112;188;271;    ;
19.510;    ;0;364;61;1;91;48;    ;0;367;72;    ;0;20;87;    ;353;190;90;33;112;187;271;    ;
19.539;    ;0;364;61;0;91;49;    ;0;366;72;    ;0;28;87;    ;353;190;90;33;112;187;271;    ;
19.573;    ;0;363;61;0;91;50;    ;0;366;72;    ;0;20;86;    ;353;190;90;33;112;187;271;    ;
19.608;    ;0;363;61;0;91;50;    ;0;365;72;    ;0;28;86;    ;353;190;90;33;112;187;271;    ;
19.642;    ;0;362;61;0;91;49;    ;0;365;72;    ;0;20;86;    ;353;190;90;33;112;187;271;    ;
19.670;    ;0;362;61;0;91;49;    ;0;364;72;    ;0;28;86;    ;353;190;90;33;112;187;271;    ;
19.710;    ;0;362;61;0;91;49;    ;0;364;72;    ;0;20;86;    ;353;190;90;33;112;187;271;    ;
19.743;    ;0;361;61;0;91;49;    ;0;363;72;    ;0;24;86;    ;353;190;90;32;112;186;271;    ;
19.773;    ;0;361;61;0;91;48;    ;0;363;72;    ;0;24;86;    ;353;190;90;32;112;186;271;    ;
19.811;    ;0;360;60;0;90;49;    ;0;362;72;    ;0;24;86;    ;353;190;90;32;112;186;271;348;    ;
19.841;    ;0;360;60;0;91;49;    ;0;362;72;    ;0;24;87;    ;353;190;90;33;112;186;271;    ;
19.874;    ;0;360;60;1;91;48;    ;0;361;72;    ;0;24;87;    ;353;190;90;33;112;186;270;    ;
19.910;    ;0;359;60;0;90;49;    ;0;361;72;    ;0;20;88;    ;353;190;90;33;112;186;270;    ;
19.941;    ;0;359;60;1;91;48;    ;0;360;72;    ;0;27;87;    ;353;190;90;33;112;186;270;    ;
19.974;    ;0;358;60;1;90;49;    ;0;360;72;    ;0;20;88;    ;353;190;90;33;112;187;269;    ;
20.011;    ;0;358;60;1;91;49;    ;0;359;72;    ;0;28;88;    ;353;190;90;33;112;187;269;346;    ;
20.042;    ;0;357;60;1;91;49;    ;0;359;72;    ;0;20;88;    ;353;190;90;33;112;187;269;346;    ;
20.076;    ;0;357;59;0;91;49;    ;0;358;72;    ;0;28;88;    ;353;190;90;33;112;187;271;346;    ;
20.111;    ;0;357;59;1;91;48;    ;0;358;72;    ;0;20;87;    ;353;190;90;33;112;187;271;346;    ;
20.151;    ;0;356;59;1;90;49;    ;0;357;72;    ;0;24;88;    ;353;190;90;32;112;187;271;346;    ;
20.176;    ;0;356;59;0;91;49;    ;0;357;72;    ;0;24;88;    ;353;190;90;32;112;187;271;346;    ;
20.208;    ;0;356;59;0;91;49;    ;0;356;72;    ;0;24;87;    ;353;190;90;32;112;187;269;347;    ;
20.237;    ;0;355;59;0;90;48;    ;0;356;72;    ;0;20;87;    ;353;190;90;32;112;187;269;347;    ;
20.271;    ;0;355;58;0;91;48;    ;0;355;72;    ;0;28;87;    ;353;190;90;33;112;187;270;347;    ;
20.308;    ;0;355;59;0;91;48;    ;0;355;72;    ;0;20;87;    ;353;190;90;33;112;187;270;347;    ;
20.339;    ;0;355;58;0;91;48;    ;0;354;72;    ;0;23;87;    ;353;190;90;33;112;187;270;347;    ;
20.374;    ;0;354;58;0;90;48;    ;0;354;72;    ;0;19;87;    ;353;190;90;33;112;187;270;347;    ;
20.409;    ;0;354;58;1;91;48;    ;0;353;72;    ;0;27;87;    ;353;190;90;32;112;187;270;347;    ;
20.443;    ;0;353;58;0;91;49;    ;0;353;72;    ;0;19;88;    ;353;190;90;32;112;187;270;347;    ;
20.474;    ;0;353;58;0;91;48;    ;0;352;72;    ;0;27;87;    ;353;190;90;33;112;187;270;347;    ;
20.511;    ;0;352;58;0;90;48;    ;0;352;72;    ;0;19;87;    ;353;190;90;33;112;187;270;346;    ;
20.540;    ;0;351;58;0;90;48;    ;0;351;72;    ;0;26;87;    ;353;190;90;33;112;187;270;346;    ;
20.573;    ;0;351;58;0;91;48;    ;0;351;72;    ;0;23;87;    ;353;190;90;33;112;186;270;    ;
20.607;    ;0;350;58;0;90;48;    ;0;350;72;    ;0;23;87;    ;353;190;90;33;112;186;270;347;    ;
20.645;    ;0;349;58;0;91;48;    ;0;350;72;    ;0;23;87;    ;353;190;90;33;112;186;271;346;    ;
20.677;    ;0;348;58;0;91;48;    ;0;349;72;    ;0;27;87;    ;353;190;90;33;112;186;271;346;    ;
20.708;    ;0;347;58;0;91;48;    ;0;349;72;    ;0;24;87;    ;353;190;90;33;112;188;271;348;    ;
20.740;    ;0;347;58;0;90;48;    ;0;348;72;    ;0;28;87;    ;353;190;90;33;112;188;271;347;    ;
20.775;    ;0;346;58;0;90;48;    ;0;348;72;    ;0;20;87;    ;353;190;90;33;112;186;271;347;    ;
20.810;    ;0;345;58;0;90;48;    ;0;347;72;    ;0;28;87;    ;353;190;90;33;112;186;271;346;    ;
20.842;    ;0;344;58;0;91;48;    ;0;347;72;    ;0;24;87;    ;353;190;90;33;112;187;271;347;    ;
20.875;    ;0;343;58;0;91;48;    ;0;346;72;    ;0;28;87;    ;353;190;90;33;113;187;271;346;    ;
20.907;    ;0;343;58;0;90;48;    ;0;346;73;    ;0;25;87;    ;353;190;90;33;113;187;271;346;    ;
20.940;    ;0;342;58;0;90;48;    ;0;345;73;    ;0;25;87;    ;353;190;90;33;113;187;271;346;    ;
20.967;    ;0;341;58;0;91;48;    ;0;345;73;    ;0;25;87;    ;353;190;90;32;113;187;271;347;    ;
21.009;    ;0;340;58;0;91;49;    ;0;344;72;    ;0;30;87;    ;353;190;90;32;113;187;271;347;    ;
21.043;    ;0;340;58;-1;90;49;    ;0;344;72;    ;0;25;87;    ;353;190;90;31;114;187;271;347;    ;
21.071;    ;0;339;58;0;91;49;    ;0;343;72;    ;0;25;86;    ;353;190;90;31;114;187;271;347;    ;
21.106;    ;0;338;58;0;90;49;    ;0;343;72;    ;0;25;87;    ;353;190;90;31;114;187;271;348;    ;
21.140;    ;0;338;58;0;91;50;    ;0;342;72;    ;0;30;87;    ;353;190;90;31;113;187;271;347;    ;
21.173;    ;0;337;58;-1;90;49;    ;0;342;72;    ;0;22;87;    ;353;190;90;31;112;187;271;346;    ;
21.205;    ;0;337;58;-1;91;49;    ;0;341;71;    ;0;30;86;    ;353;190;90;31;112;187;271;346;    ;
21.241;    ;0;337;58;0;90;49;    ;0;341;71;    ;0;22;86;    ;353;190;90;31;112;186;271;348;    ;
21.272;    ;0;336;58;-1;90;48;    ;0;340;71;    ;0;26;87;    ;353;190;90;31;113;186;271;    ;
21.310;    ;0;336;58;0;91;49;    ;0;340;72;    ;0;26;86;    ;353;190;90;31;113;188;271;    ;
21.340;    ;0;336;58;0;90;49;    ;0;339;72;    ;0;26;87;    ;353;190;90;31;113;186;271;347;    ;
21.372;    ;0;335;58;0;90;49;    ;0;339;72;    ;0;21;87;    ;353;190;90;31;113;188;271;    ;
21.412;    ;0;335;58;0;91;48;    ;0;338;72;    ;0;30;87;    ;353;190;90;31;113;188;271;    ;
21.444;    ;0;334;58;0;90;49;    ;0;338;72;    ;0;22;87;    ;353;190;90;31;113;188;271;    ;
21.474;    ;0;334;58;0;90;49;    ;0;337;72;    ;0;30;87;    ;353;190;90;31;113;188;271;    ;
21.511;    ;0;334;59;0;90;49;    ;0;337;72;    ;0;21;87;    ;353;190;90;31;113;188;271;    ;
21.543;    ;0;333;59;-1;90;49;    ;0;336;72;    ;0;25;87;    ;353;190;90;31;112;188;271;347;    ;
21.573;    ;0;333;59;-1;91;49;    ;0;336;71;    ;0;25;86;    ;353;190;90;32;114;188;271;    ;
21.610;    ;0;333;59;-1;91;49;    ;0;335;73;    ;0;25;86;    ;353;190;90;32;113;188;271;    ;
21.641;    ;0;332;59;0;90;49;    ;0;335;72;    ;0;22;86;    ;353;190;90;32;113;188;271;    ;
21.675;    ;0;332;59;-1;90;49;    ;0;334;72;    ;0;29;87;    ;353;190;90;31;113;188;271;348;    ;
21.711;    ;0;332;59;-1;90;49;    ;0;334;72;    ;0;21;86;    ;353;190;90;31;114;188;271;348;    ;
21.743;    ;0;332;59;-1;91;49;    ;0;333;72;    ;0;25;86;    ;353;190;90;31;114;188;271;348;    ;
21.774;    ;0;331;59;-1;90;49;    ;0;333;72;    ;0;21;86;    ;353;190;90;31;114;187;271;349;    ;
21.811;    ;0;331;59;-1;91;49;    ;0;332;72;    ;0;29;86;    ;353;190;90;31;114;189;271;349;    ;
21.845;    ;0;331;59;-1;91;49;    ;0;332;72;    ;0;21;86;    ;353;190;90;31;114;189;271;349;    ;
21.874;    ;0;331;59;-1;90;49;    ;0;331;72;    ;0;25;86;    ;353;190;90;31;113;189;271;349;    ;
21.912;    ;0;330;59;-1;90;49;    ;0;331;72;    ;0;20;86;    ;353;190;90;31;113;189;271;349;    ;
21.942;    ;0;330;59;-1;90;49;    ;0;330;72;    ;0;28;86;    ;353;190;90;32;113;189;271;349;    ;
21.975;    ;0;330;59;-1;90;49;    ;0;330;72;    ;0;20;86;    ;353;190;90;32;113;189;271;349;    ;
22.012;    ;0;330;59;-1;91;49;    ;0;329;72;    ;0;24;86;    ;353;190;90;32;113;189;271;349;    ;
22.043;    ;0;329;59;-1;90;49;    ;0;329;72;    ;0;20;86;    ;353;190;90;32;113;189;271;    ;
22.071;    ;0;329;59;-1;91;48;    ;0;328;72;    ;0;28;86;    ;353;190;90;33;113;189;271;350;    ;
22.111;    ;0;329;59;-1;91;48;    ;0;328;73;    ;0;19;86;    ;353;190;90;33;113;189;270;348;    ;
22.142;    ;0;328;59;-1;90;48;    ;0;327;73;    ;0;24;86;    ;353;190;90;33;113;189;270;348;    ;
22.177;    ;0;328;59;-1;90;48;    ;0;327;73;    ;0;24;86;    ;353;190;90;33;113;189;270;348;    ;
22.212;    ;0;327;59;-1;90;48;    ;0;326;73;    ;0;24;86;    ;353;190;90;33;113;189;270;348;    ;
22.244;    ;0;327;59;-1;90;48;    ;0;326;73;    ;0;24;86;    ;353;190;90;33;113;189;270;348;    ;
22.275;    ;0;327;59;0;89;48;    ;0;325;73;    ;0;24;86;    ;353;190;90;33;113;189;270;348;    ;
22.309;    ;0;326;59;-1;90;48;    ;0;325;73;    ;0;19;87;    ;353;190;90;33;113;189;270;348;    ;
22.342;    ;0;325;59;-1;91;48;    ;0;324;73;    ;0;27;86;    ;353;190;90;33;113;189;270;347;    ;
22.375;    ;0;325;59;-1;90;48;    ;0;324;73;    ;0;24;86;    ;353;190;90;33;113;189;270;348;    ;
22.408;    ;0;324;59;-1;91;48;    ;0;323;73;    ;0;24;86;    ;353;190;90;33;113;188;270;348;    ;
22.442;    ;0;324;59;-1;91;48;    ;0;323;73;    ;0;24;86;    ;353;190;90;33;113;188;270;348;    ;
22.476;    ;0;323;59;0;90;49;    ;0;322;73;    ;0;24;86;    ;353;190;90;33;113;188;270;348;    ;
22.511;    ;0;323;59;0;90;48;    ;0;322;73;    ;0;24;87;    ;353;190;90;33;113;189;270;348;    ;
22.542;    ;0;322;59;0;90;48;    ;0;321;73;    ;0;24;87;    ;353;190;90;33;114;189;270;348;    ;
22.574;    ;0;321;59;0;91;49;    ;0;321;73;    ;0;24;87;    ;353;190;90;33;114;190;270;348;    ;
22.609;    ;0;321;59;0;90;49;    ;0;320;73;    ;0;28;87;    ;353;190;90;32;114;190;270;348;    ;
22.642;    ;0;320;59;0;90;49;    ;0;320;73;    ;0;20;87;    ;353;190;90;32;114;190;270;348;    ;
22.675;    ;0;319;59;0;90;49;    ;0;319;73;    ;0;28;87;    ;353;190;90;32;113;190;270;348;    ;
22.712;    ;0;319;59;0;90;49;    ;0;319;72;    ;0;24;87;    ;353;190;90;32;113;190;270;348;    ;
22.743;    ;0;318;59;0;90;49;    ;0;318;72;    ;0;24;87;    ;353;190;90;33;113;190;270;348;    ;
22.775;    ;0;318;60;0;90;49;    ;0;318;73;    ;0;24;87;    ;353;190;90;33;113;190;270;348;    ;
22.812;    ;0;317;60;0;90;49;    ;0;317;73;    ;0;24;87;    ;353;190;90;33;113;189;270;348;    ;
22.844;    ;0;316;60;-1;91;49;    ;0;317;73;    ;0;24;87;    ;353;190;90;33;113;189;270;348;    ;
22.876;    ;0;315;60;-1;90;48;    ;0;316;73;    ;0;28;86;    ;353;190;90;33;113;189;270;348;    ;
22.910;    ;0;315;60;-1;90;48;    ;0;316;73;    ;0;24;86;    ;353;190;90;33;113;190;269;348;    ;
22.943;    ;0;314;60;-1;90;48;    ;0;315;73;    ;0;24;86;    ;353;190;90;33;113;190;269;348;    ;
22.975;    ;0;314;60;-1;90;48;    ;0;315;73;    ;0;24;86;    ;353;190;90;33;113;190;269;348;    ;
23.009;    ;0;313;60;-1;90;48;    ;0;314;73;    ;0;24;86;    ;353;190;90;33;113;190;269;348;    ;
23.043;    ;0;312;60;0;90;49;    ;0;314;73;    ;0;25;86;    ;353;190;90;33;113;190;269;348;    ;
23.074;    ;0;312;60;0;90;48;    ;0;313;73;    ;0;29;87;    ;353;190;90;33;114;190;269;348;    ;
23.109;    ;0;311;60;0;90;48;    ;0;313;73;    ;0;21;87;    ;353;190;90;33;113;190;269;348;    ;
23.142;    ;0;310;60;0;90;48;    ;0;312;73;    ;0;28;87;    ;353;190;90;33;112;190;269;348;    ;
23.175;    ;0;309;61;-1;90;49;    ;0;312;72;    ;0;25;87;    ;353;190;90;33;112;190;269;348;    ;
23.211;    ;0;309;61;0;90;49;    ;0;311;72;    ;0;29;85;    ;353;190;90;33;114;190;269;348;    ;
23.244;    ;0;308;61;0;90;49;    ;0;311;73;    ;0;22;86;    ;353;190;90;32;114;190;269;348;    ;
23.275;    ;0;307;61;-1;90;49;    ;0;310;73;    ;0;29;87;    ;353;190;90;32;113;190;269;348;    ;
23.312;    ;0;307;62;-2;90;49;    ;0;310;72;    ;0;26;86;    ;353;190;90;32;113;190;269;348;    ;
23.343;    ;0;306;62;-1;90;49;    ;0;309;72;    ;0;26;85;    ;353;190;90;32;113;190;269;348;    ;
23.375;    ;0;306;62;-1;90;48;    ;0;309;72;    ;0;26;85;    ;353;190;90;32;112;190;269;348;    ;
23.418;    ;0;305;62;0;90;48;    ;0;308;72;    ;0;26;85;    ;353;190;90;32;112;190;269;348;    ;
23.442;    ;0;304;62;-1;90;48;    ;0;308;72;    ;0;26;86;    ;353;190;90;32;112;190;269;348;    ;
23.474;    ;0;304;62;-1;90;48;    ;0;307;72;    ;0;31;85;    ;353;190;90;32;112;189;269;348;    ;
23.508;    ;0;303;63;-1;90;49;    ;0;307;72;    ;0;22;85;    ;353;190;90;32;112;189;269;348;    ;
23.540;    ;0;303;63;-1;90;49;    ;0;306;72;    ;0;30;85;    ;353;190;90;32;112;189;269;348;    ;
23.571;    ;0;303;63;-1;89;48;    ;0;306;72;    ;0;22;85;    ;353;190;90;33;113;189;269;348;    ;
23.607;    ;0;302;63;0;90;49;    ;0;305;72;    ;0;26;85;    ;353;190;90;33;111;189;269;348;    ;
23.641;    ;0;302;63;0;90;49;    ;0;305;72;    ;0;26;86;    ;353;190;90;33;111;189;269;348;    ;
23.675;    ;0;302;63;-2;91;49;    ;0;304;72;    ;0;26;86;    ;353;190;90;33;112;189;269;348;    ;
23.711;    ;0;302;64;-1;90;49;    ;0;304;72;    ;0;22;85;    ;353;190;90;33;113;189;269;348;    ;
23.741;    ;0;301;64;-1;90;49;    ;0;303;73;    ;0;25;85;    ;353;190;90;33;113;189;269;348;    ;
23.773;    ;0;301;64;-1;90;49;    ;0;303;73;    ;0;25;85;    ;353;190;90;32;113;189;269;348;    ;
23.811;    ;0;301;64;-1;90;48;    ;0;302;72;    ;0;25;85;    ;353;190;90;33;113;189;269;347;    ;
23.843;    ;0;301;64;0;90;48;    ;0;302;73;    ;0;22;85;    ;353;190;90;33;113;189;269;348;    ;
23.874;    ;0;300;64;0;90;49;    ;0;301;73;    ;0;25;86;    ;353;190;90;33;113;190;269;347;    ;
23.911;    ;0;300;64;-1;90;49;    ;0;301;73;    ;0;25;86;    ;353;190;90;33;113;190;269;347;    ;
23.942;    ;0;300;65;-2;90;49;    ;0;300;73;    ;0;25;85;    ;353;190;90;33;113;190;269;346;    ;
23.974;    ;0;300;65;-1;90;49;    ;0;300;73;    ;0;21;85;    ;353;190;90;33;113;190;269;346;    ;
24.010;    ;0;300;65;-1;90;48;    ;0;299;73;    ;0;25;85;    ;353;190;90;33;113;189;269;347;    ;
24.043;    ;0;299;65;0;90;49;    ;0;299;73;    ;0;21;85;    ;353;190;90;33;113;189;270;347;    ;
24.074;    ;0;299;65;0;90;49;    ;0;298;73;    ;0;28;86;    ;353;190;90;32;112;189;270;348;    ;
24.113;    ;0;299;65;-2;90;49;    ;0;298;72;    ;0;20;86;    ;353;190;90;32;112;189;270;348;    ;
24.142;    ;0;299;66;-1;91;49;    ;0;297;72;    ;0;24;85;    ;353;190;90;32;112;189;269;347;    ;
24.174;    ;0;298;66;-1;90;49;    ;0;297;72;    ;0;19;85;    ;353;190;90;32;112;189;269;348;    ;
24.210;    ;0;298;66;-1;90;49;    ;0;296;72;    ;0;28;85;    ;353;190;90;32;113;189;269;347;    ;
24.242;    ;0;298;66;-1;90;48;    ;0;296;72;    ;0;20;85;    ;353;190;90;32;113;189;269;348;    ;
24.274;    ;0;297;66;-1;90;49;    ;0;295;72;    ;0;24;85;    ;353;190;90;32;113;189;269;348;    ;
24.311;    ;0;297;66;-2;90;49;    ;0;295;72;    ;0;23;85;    ;353;190;90;32;113;189;270;346;    ;
24.342;    ;0;297;67;-2;91;49;    ;0;294;72;    ;0;23;85;    ;353;190;90;32;113;189;270;348;    ;
24.368;    ;0;296;67;-1;90;48;    ;0;294;72;    ;0;19;84;    ;353;190;90;32;112;188;270;348;    ;
24.409;    ;0;296;67;-1;90;48;    ;0;293;72;    ;0;28;85;    ;353;190;90;32;112;189;270;348;    ;
24.441;    ;0;295;67;-1;90;48;    ;0;293;72;    ;0;20;85;    ;353;190;90;32;112;189;270;347;    ;
24.473;    ;0;295;67;-2;90;49;    ;0;292;72;    ;0;27;85;    ;353;190;90;32;112;189;270;347;    ;
24.511;    ;0;294;67;-2;91;49;    ;0;292;72;    ;0;19;84;    ;353;190;90;32;112;188;270;347;    ;
24.540;    ;0;294;68;-1;90;49;    ;0;291;72;    ;0;27;84;    ;353;190;90;32;112;189;270;347;    ;
24.574;    ;0;293;68;-1;90;48;    ;0;291;72;    ;0;19;85;    ;353;190;90;32;112;188;270;346;    ;
24.611;    ;0;292;68;0;90;49;    ;0;290;72;    ;0;27;85;    ;353;190;90;32;112;188;270;347;    ;
24.642;    ;0;292;68;-2;90;49;    ;0;290;72;    ;0;23;85;    ;353;190;90;32;112;189;270;347;    ;
24.674;    ;0;291;69;-2;91;49;    ;0;289;72;    ;0;23;84;    ;353;190;90;32;112;189;269;347;    ;
24.707;    ;0;291;69;-1;90;49;    ;0;289;72;    ;0;23;84;    ;353;190;90;32;112;189;269;346;    ;
24.740;    ;0;290;69;-1;90;48;    ;0;288;72;    ;0;23;85;    ;353;190;90;32;112;189;269;346;    ;
24.774;    ;0;290;69;-1;90;48;    ;0;288;72;    ;0;23;85;    ;353;190;90;32;112;188;269;346;    ;
24.811;    ;0;289;69;-2;90;49;    ;0;287;72;    ;0;23;85;    ;353;190;90;32;112;187;269;346;    ;
24.841;    ;0;289;70;-2;90;49;    ;0;287;72;    ;0;23;84;    ;353;190;90;32;112;188;269;347;    ;
24.874;    ;0;288;70;-1;90;49;    ;0;286;72;    ;0;23;84;    ;353;190;90;32;112;187;269;346;    ;
24.910;    ;0;287;70;-1;91;48;    ;0;286;72;    ;0;23;85;    ;353;190;90;32;112;188;269;    ;
24.942;    ;0;287;70;0;90;49;    ;0;285;72;    ;0;27;85;    ;353;190;90;32;112;187;269;    ;
24.972;    ;0;286;70;0;90;49;    ;0;285;72;    ;0;19;85;    ;353;190;90;32;111;188;269;347;    ;
25.011;    ;0;285;71;-2;90;49;    ;0;284;71;    ;0;28;85;    ;353;190;90;32;112;188;270;347;    ;
25.043;    ;0;285;70;-2;90;49;    ;0;284;72;    ;0;24;83;    ;353;190;90;32;112;188;269;347;    ;
25.076;    ;0;284;71;-1;90;49;    ;0;283;72;    ;0;24;84;    ;353;190;90;32;112;188;270;346;    ;
25.112;    ;0;283;71;-1;90;48;    ;0;283;72;    ;0;24;85;    ;353;190;90;32;112;188;271;    ;
25.144;    ;0;283;71;-1;90;49;    ;0;282;72;    ;0;27;85;    ;353;190;90;32;112;188;271;    ;
25.174;    ;0;282;72;-2;91;49;    ;0;282;72;    ;0;20;85;    ;353;190;90;32;112;188;271;    ;
25.212;    ;0;281;72;-2;90;49;    ;0;281;72;    ;0;28;83;    ;353;190;90;32;112;188;270;    ;
25.243;    ;0;281;72;-2;90;49;    ;0;281;72;    ;0;24;83;    ;353;190;90;32;112;187;271;346;    ;
25.275;    ;0;280;72;-1;90;48;    ;0;280;72;    ;0;24;83;    ;353;190;90;32;111;187;269;346;    ;
25.311;    ;0;280;72;-1;90;48;    ;0;280;71;    ;0;24;84;    ;353;190;90;32;111;187;271;346;    ;
25.343;    ;0;279;72;-1;90;48;    ;0;279;71;    ;0;24;84;    ;353;190;90;32;111;187;271;346;    ;
25.375;    ;0;279;72;0;90;49;    ;0;279;71;    ;0;24;84;    ;353;190;90;32;111;187;270;346;    ;
25.411;    ;0;278;72;0;90;49;    ;0;278;71;    ;0;24;85;    ;353;190;90;32;112;187;271;346;    ;
25.443;    ;0;278;73;0;90;49;    ;0;278;72;    ;0;24;85;    ;353;190;90;33;112;187;270;346;    ;
25.475;    ;0;277;73;-2;91;49;    ;0;277;72;    ;0;24;85;    ;353;190;90;33;112;187;270;346;    ;
25.513;    ;0;276;73;-2;90;49;    ;0;277;72;    ;0;24;83;    ;353;190;90;33;112;188;271;    ;
25.538;    ;0;276;73;-1;91;49;    ;0;276;72;    ;0;28;83;    ;353;190;90;33;112;188;271;    ;
25.571;    ;0;275;73;-1;90;49;    ;0;276;72;    ;0;19;84;    ;353;190;90;33;112;188;271;345;    ;
25.607;    ;0;275;73;-1;91;49;    ;0;275;72;    ;0;28;84;    ;353;190;90;33;112;187;270;    ;
25.640;    ;0;274;73;-1;90;49;    ;0;275;72;    ;0;21;84;    ;353;190;90;33;112;187;271;    ;
25.674;    ;0;274;73;-1;90;48;    ;0;274;72;    ;0;28;84;    ;353;190;90;33;112;187;271;    ;
25.707;    ;0;273;73;-1;90;48;    ;0;274;72;    ;0;21;84;    ;353;190;90;33;112;187;271;    ;
25.741;    ;0;273;73;-1;91;48;    ;0;273;72;    ;0;28;84;    ;353;190;90;33;112;187;271;    ;
25.774;    ;0;272;73;-1;90;48;    ;0;273;72;    ;0;20;84;    ;353;190;90;33;112;187;271;    ;
25.808;    ;0;272;73;0;90;49;    ;0;272;72;    ;0;28;84;    ;353;190;90;32;112;187;271;    ;
25.840;    ;0;272;73;0;91;49;    ;0;272;72;    ;0;21;85;    ;353;190;90;32;112;187;271;    ;
25.873;    ;0;271;73;0;90;49;    ;0;271;72;    ;0;24;85;    ;353;190;90;32;112;186;271;    ;
25.911;    ;0;271;73;0;90;49;    ;0;271;72;    ;0;24;85;    ;353;190;90;32;112;187;271;    ;
25.941;    ;0;271;73;0;91;49;    ;0;270;72;    ;0;24;85;    ;353;190;90;33;112;186;270;    ;
25.974;    ;0;271;73;0;90;49;    ;0;270;72;    ;0;20;85;    ;353;190;90;33;112;186;270;    ;
26.010;    ;0;270;72;0;90;48;    ;0;269;72;    ;0;24;85;    ;353;190;90;33;112;186;270;347;    ;
26.041;    ;0;270;72;0;90;49;    ;0;269;72;    ;0;24;85;    ;353;190;90;33;112;186;270;347;    ;
26.074;    ;0;270;72;0;91;48;    ;0;268;72;    ;0;24;85;    ;353;190;90;33;112;187;270;347;    ;
26.110;    ;0;270;72;0;90;48;    ;0;268;72;    ;0;19;85;    ;353;190;90;33;112;187;269;347;    ;
26.142;    ;0;269;72;0;90;48;    ;0;267;72;    ;0;23;85;    ;353;190;90;33;112;187;269;347;    ;
26.174;    ;0;269;72;0;91;49;    ;0;267;72;    ;0;23;85;    ;353;190;90;33;112;187;271;346;    ;
26.210;    ;0;268;72;0;90;49;    ;0;266;72;    ;0;23;85;    ;353;190;90;33;112;187;271;346;    ;
26.242;    ;0;268;72;0;91;49;    ;0;266;72;    ;0;23;85;    ;353;190;90;32;112;187;270;346;    ;
26.271;    ;0;267;72;0;91;49;    ;0;265;72;    ;0;23;85;    ;353;190;90;32;112;187;269;346;    ;
26.304;    ;0;267;72;1;90;48;    ;0;265;72;    ;0;23;85;    ;353;190;90;32;112;187;269;346;    ;
26.340;    ;0;266;71;0;90;48;    ;0;264;72;    ;0;23;86;    ;353;190;90;32;112;187;269;347;    ;
26.372;    ;0;266;71;0;91;49;    ;0;264;72;    ;0;23;85;    ;353;190;90;33;112;187;270;347;    ;
26.410;    ;0;265;71;0;90;49;    ;0;263;72;    ;0;23;85;    ;353;190;90;33;112;187;270;347;    ;
26.442;    ;0;265;71;0;91;49;    ;0;263;72;    ;0;23;85;    ;353;190;90;33;112;187;270;347;    ;
26.475;    ;0;264;71;0;91;49;    ;0;262;72;    ;0;23;85;    ;353;190;90;33;112;187;270;347;    ;
26.512;    ;0;263;70;0;90;49;    ;0;262;72;    ;0;23;85;    ;353;190;90;32;112;187;270;347;    ;
26.543;    ;0;263;70;0;91;48;    ;0;261;72;    ;0;27;85;    ;353;190;90;32;112;187;270;347;    ;
26.576;    ;0;262;70;0;90;49;    ;0;261;72;    ;0;19;85;    ;353;190;90;33;112;187;270;347;    ;
26.614;    ;0;261;70;0;90;49;    ;0;260;72;    ;0;27;85;    ;353;190;90;33;112;188;270;347;    ;
26.643;    ;0;260;70;0;91;49;    ;0;260;72;    ;0;23;85;    ;353;190;90;33;112;186;270;347;    ;
26.675;    ;0;260;70;0;90;49;    ;0;259;72;    ;0;28;85;    ;353;190;90;33;112;185;270;    ;
26.711;    ;0;259;70;0;90;49;    ;0;259;72;    ;0;19;85;    ;353;190;90;33;112;186;270;    ;
26.741;    ;0;258;69;0;91;48;    ;0;258;72;    ;0;27;85;    ;353;190;90;33;112;186;271;347;    ;
26.775;    ;0;257;69;0;90;48;    ;0;258;72;    ;0;24;85;    ;353;190;90;33;112;186;271;346;    ;
26.812;    ;0;257;69;1;90;49;    ;0;257;72;    ;0;28;85;    ;353;190;90;33;112;187;271;347;    ;
26.844;    ;0;256;69;1;90;49;    ;0;257;72;    ;0;21;86;    ;353;190;90;33;112;188;271;348;    ;
26.876;    ;0;255;69;0;91;49;    ;0;256;72;    ;0;28;86;    ;353;190;90;33;112;188;271;346;    ;
26.911;    ;0;255;69;0;90;49;    ;0;256;72;    ;0;24;85;    ;353;190;90;33;112;186;271;347;    ;
26.944;    ;0;254;68;0;91;48;    ;0;255;72;    ;0;24;85;    ;353;190;90;33;112;186;271;347;    ;
26.975;    ;0;254;68;0;90;49;    ;0;255;72;    ;0;24;85;    ;353;190;90;33;112;186;271;347;    ;
27.012;    ;0;253;68;0;91;49;    ;0;254;72;    ;0;24;85;    ;353;190;90;33;112;186;271;347;    ;
27.040;    ;0;253;68;0;90;49;    ;0;254;72;    ;0;24;85;    ;353;190;90;33;112;186;271;347;    ;
27.074;    ;0;252;68;1;91;48;    ;0;253;72;    ;0;24;85;    ;353;190;90;33;112;187;271;346;    ;
27.108;    ;0;252;67;0;90;48;    ;0;253;72;    ;0;24;86;    ;353;190;90;32;112;187;271;346;    ;
27.141;    ;0;251;67;1;90;49;    ;0;252;72;    ;0;24;85;    ;353;190;90;31;113;187;271;347;    ;
27.175;    ;0;251;67;1;91;49;    ;0;252;72;    ;0;24;86;    ;353;190;90;31;114;186;271;347;    ;
27.212;    ;0;250;67;0;89;48;    ;0;251;72;    ;0;24;86;    ;353;190;90;31;114;187;271;347;    ;
27.244;    ;0;250;66;1;91;49;    ;0;251;72;    ;0;24;85;    ;353;190;90;31;114;187;271;347;    ;
27.276;    ;0;250;66;1;90;49;    ;0;250;72;    ;0;24;87;    ;353;190;90;31;113;187;271;347;    ;
27.312;    ;0;249;66;0;91;49;    ;0;250;72;    ;0;20;87;    ;353;190;90;31;114;186;271;347;    ;
27.344;    ;0;249;66;1;90;48;    ;0;249;72;    ;0;28;86;    ;353;190;90;31;114;186;271;347;    ;
27.376;    ;0;248;65;0;91;49;    ;0;249;72;    ;0;20;87;    ;353;190;90;31;113;186;271;347;    ;
27.412;    ;0;248;65;1;90;49;    ;0;248;72;    ;0;28;86;    ;353;190;90;31;113;186;271;    ;
27.444;    ;0;247;65;1;91;49;    ;0;248;72;    ;0;20;87;    ;353;190;90;31;113;186;271;346;    ;
27.473;    ;0;247;64;1;90;48;    ;0;247;72;    ;0;28;87;    ;353;190;90;31;113;186;271;346;    ;
27.509;    ;0;246;64;1;91;49;    ;0;247;72;    ;0;20;87;    ;353;190;90;31;113;188;271;    ;
27.541;    ;0;245;64;1;90;49;    ;0;246;72;    ;0;28;87;    ;353;190;90;31;113;188;271;    ;
27.578;    ;0;245;64;1;90;48;    ;0;246;72;    ;0;24;87;    ;353;190;90;31;114;188;271;    ;
27.609;    ;0;244;63;1;91;49;    ;0;245;72;    ;0;24;87;    ;353;190;90;31;113;188;271;    ;
27.635;    ;0;243;63;1;90;49;    ;0;245;72;    ;0;24;87;    ;353;190;90;31;113;188;271;    ;
27.671;    ;0;243;63;1;91;48;    ;0;244;72;    ;0;30;87;    ;353;190;90;31;113;188;271;    ;
27.707;    ;0;242;62;1;90;48;    ;0;244;72;    ;0;21;87;    ;353;190;90;32;114;188;271;    ;
27.740;    ;0;242;62;1;91;49;    ;0;243;73;    ;0;28;87;    ;353;190;90;32;114;188;271;    ;
27.774;    ;0;241;62;1;90;49;    ;0;243;73;    ;0;21;87;    ;353;190;90;32;114;188;271;349;    ;
27.810;    ;0;241;61;2;90;50;    ;0;242;73;    ;0;29;87;    ;353;190;90;31;114;188;271;348;    ;
27.840;    ;0;241;61;1;91;49;    ;0;242;72;    ;0;21;89;    ;353;190;90;31;114;188;271;348;    ;
27.874;    ;0;240;60;1;90;48;    ;0;241;72;    ;0;25;87;    ;353;190;90;31;114;187;270;348;    ;
27.911;    ;0;240;60;1;91;49;    ;0;241;72;    ;0;25;88;    ;353;190;90;31;114;189;270;349;    ;
27.942;    ;0;239;60;2;90;49;    ;0;240;72;    ;0;25;88;    ;353;190;90;31;113;189;270;349;    ;
27.971;    ;0;239;59;2;90;49;    ;0;240;72;    ;0;25;89;    ;353;190;90;31;114;189;271;349;    ;
28.011;    ;0;239;59;2;91;50;    ;0;239;72;    ;0;25;89;    ;353;190;90;31;113;189;271;349;    ;
28.041;    ;0;238;59;1;91;49;    ;0;239;72;    ;0;21;89;    ;353;190;90;32;113;189;271;349;    ;
28.071;    ;0;238;58;2;90;48;    ;0;238;72;    ;0;28;88;    ;353;190;90;32;113;189;271;349;    ;
28.104;    ;0;238;58;0;91;48;    ;0;238;72;    ;0;20;89;    ;353;190;90;32;113;189;271;349;    ;
28.137;    ;0;238;58;0;91;48;    ;0;237;73;    ;0;24;87;    ;353;190;90;33;113;189;271;350;    ;
28.174;    ;0;237;57;0;91;48;    ;0;237;73;    ;0;20;87;    ;353;190;90;33;113;189;270;348;    ;
28.210;    ;0;237;57;0;91;47;    ;0;236;73;    ;0;27;87;    ;353;190;90;33;113;189;270;348;    ;
28.243;    ;0;237;56;0;91;47;    ;0;236;73;    ;0;20;87;    ;353;190;90;33;113;189;270;348;    ;
28.275;    ;0;236;56;0;91;46;    ;0;235;73;    ;0;24;87;    ;353;190;90;33;113;189;270;348;    ;
28.309;    ;0;236;56;0;90;46;    ;0;235;73;    ;0;24;87;    ;353;190;90;33;113;189;270;348;    ;
28.339;    ;0;236;55;0;91;46;    ;0;234;73;    ;0;24;87;    ;353;190;90;33;113;189;270;348;    ;
28.373;    ;0;235;55;0;89;44;    ;0;234;73;    ;0;19;88;    ;353;190;90;33;113;189;270;348;    ;
28.411;    ;0;235;55;0;90;44;    ;0;233;73;    ;0;27;88;    ;353;190;90;33;113;189;270;348;    ;
28.436;    ;0;234;54;0;89;44;    ;0;233;73;    ;0;20;88;    ;353;190;90;33;113;189;270;348;    ;
28.467;    ;0;234;54;0;91;44;    ;0;232;73;    ;0;28;88;    ;353;190;90;33;113;189;270;348;    ;
28.502;    ;0;233;53;0;90;43;    ;0;232;73;    ;0;19;88;    ;353;190;90;33;113;188;270;348;    ;
28.540;    ;0;232;53;0;91;43;    ;0;231;73;    ;0;27;88;    ;353;190;90;33;113;188;270;348;    ;
28.575;    ;0;232;53;0;90;43;    ;0;231;73;    ;0;24;88;    ;353;190;90;33;114;188;270;348;    ;
28.611;    ;0;231;52;0;91;43;    ;0;230;73;    ;0;23;88;    ;353;190;90;33;114;188;270;348;    ;
28.643;    ;0;231;52;0;91;43;    ;0;230;73;    ;0;23;88;    ;353;190;90;33;114;189;270;348;    ;
28.672;    ;0;230;51;0;91;43;    ;0;229;73;    ;0;23;88;    ;353;190;90;32;114;189;270;348;    ;
28.707;    ;0;230;51;0;91;42;    ;0;229;73;    ;0;23;88;    ;353;190;90;33;114;190;270;348;    ;
28.739;    ;0;229;51;0;90;41;    ;0;228;73;    ;0;23;88;    ;353;190;90;33;114;190;270;348;    ;
28.770;    ;0;228;50;0;91;41;    ;0;228;73;    ;0;23;88;    ;353;190;90;33;114;190;270;348;    ;
28.806;    ;0;228;50;0;91;41;    ;0;227;73;    ;0;28;88;    ;353;190;90;33;114;190;270;348;    ;
28.841;    ;0;227;50;0;90;40;    ;0;227;73;    ;0;20;88;    ;353;190;90;33;114;190;270;348;    ;
28.872;    ;0;226;49;0;91;41;    ;0;226;73;    ;0;27;88;    ;353;190;90;32;113;190;270;348;    ;
28.908;    ;0;225;49;0;91;41;    ;0;226;72;    ;0;24;89;    ;353;190;90;32;113;190;270;348;    ;
28.941;    ;0;225;49;0;91;39;    ;0;225;72;    ;0;28;88;    ;353;190;90;33;113;189;270;347;    ;
28.973;    ;0;224;49;0;91;39;    ;0;225;73;    ;0;20;88;    ;353;190;90;33;113;189;270;348;    ;
29.009;    ;0;223;48;0;91;38;    ;0;224;73;    ;0;28;89;    ;353;190;90;33;113;189;269;348;    ;
29.036;    ;0;222;48;0;91;38;    ;0;224;73;    ;0;24;89;    ;353;190;90;33;113;189;269;348;    ;
29.072;    ;0;222;48;0;91;38;    ;0;223;73;    ;0;29;89;    ;353;190;90;33;113;189;269;348;    ;
29.105;    ;0;221;47;0;91;38;    ;0;223;73;    ;0;21;89;    ;353;190;90;33;113;189;269;348;    ;
29.137;    ;0;220;47;0;91;38;    ;0;222;73;    ;0;29;89;    ;353;190;90;33;113;189;269;348;    ;
29.172;    ;0;220;47;0;91;37;    ;0;222;73;    ;0;25;89;    ;353;190;90;33;113;190;269;348;    ;
29.209;    ;0;219;47;0;91;37;    ;0;221;73;    ;0;25;89;    ;353;190;90;33;114;190;269;348;    ;
29.237;    ;0;218;47;0;91;37;    ;0;221;73;    ;0;25;89;    ;353;190;90;33;113;190;269;348;    ;
29.272;    ;0;217;47;0;91;38;    ;0;220;73;    ;0;30;89;    ;353;190;90;32;113;190;269;348;    ;
29.306;    ;0;217;46;0;91;37;    ;0;220;72;    ;0;26;89;    ;353;190;90;32;113;190;269;348;    ;
29.337;    ;0;216;46;0;90;36;    ;0;219;72;    ;0;26;89;    ;353;190;90;32;114;191;269;348;    ;
29.370;    ;0;215;46;0;90;36;    ;0;219;73;    ;0;26;89;    ;353;190;90;32;114;190;269;348;    ;
29.409;    ;0;214;46;0;91;37;    ;0;218;73;    ;0;30;89;    ;353;190;90;32;114;190;269;348;    ;
29.440;    ;0;214;46;0;91;37;    ;0;218;72;    ;0;26;89;    ;353;190;90;32;114;190;269;348;    ;
29.475;    ;0;213;45;0;92;37;    ;0;217;73;    ;0;26;89;    ;353;190;90;32;113;190;269;348;    ;
29.511;    ;0;213;45;0;91;37;    ;0;217;72;    ;0;26;89;    ;353;190;90;32;112;190;269;348;    ;
29.542;    ;0;212;45;0;91;36;    ;0;216;72;    ;0;26;89;    ;353;190;90;32;112;190;269;348;    ;
29.575;    ;0;212;45;0;91;36;    ;0;216;72;    ;0;26;89;    ;353;190;90;32;112;190;269;348;    ;
29.616;    ;0;212;45;0;91;36;    ;0;215;72;    ;0;26;89;    ;353;190;90;32;112;189;269;348;    ;
29.642;    ;0;212;44;0;91;36;    ;0;215;72;    ;0;23;89;    ;353;190;90;32;112;189;269;348;    ;
29.672;    ;0;212;44;0;91;35;    ;0;214;72;    ;0;26;89;    ;353;190;90;32;112;189;269;348;    ;
29.711;    ;0;212;44;0;91;35;    ;0;214;72;    ;0;22;89;    ;353;190;90;32;112;189;269;348;    ;
29.741;    ;0;212;44;0;91;35;    ;0;213;72;    ;0;25;89;    ;353;190;90;32;112;189;269;348;    ;
29.774;    ;0;213;44;0;91;35;    ;0;213;72;    ;0;21;89;    ;353;190;90;32;112;189;269;348;    ;
29.810;    ;0;213;44;0;91;35;    ;0;212;72;    ;0;21;89;    ;353;190;90;32;111;189;269;348;    ;
29.844;    ;0;214;43;0;90;35;    ;0;212;71;    ;0;21;89;    ;353;190;90;32;112;189;271;348;    ;
29.873;    ;0;215;43;0;91;34;    ;0;211;72;    ;0;20;89;    ;353;190;90;32;112;189;269;348;    ;
29.909;    ;0;216;43;0;91;34;    ;0;211;72;    ;0;14;89;    ;353;190;90;32;112;189;269;348;    ;
29.941;    ;0;217;43;0;91;35;    ;0;210;72;    ;0;19;89;    ;353;190;90;32;112;189;269;348;    ;
29.971;    ;0;218;43;0;91;34;    ;0;210;72;    ;0;13;89;    ;353;190;90;32;112;189;269;348;    ;
30.011;    ;0;219;43;0;91;34;    ;0;209;72;    ;0;16;89;    ;353;190;90;32;112;189;269;348;    ;
30.040;    ;0;220;43;0;90;50;    ;0;209;72;    ;0;13;89;    ;353;190;90;32;112;189;269;348;    ;
30.074;    ;0;221;43;1;90;50;    ;0;208;72;    ;0;15;89;    ;353;190;90;32;112;189;269;348;    ;
30.111;    ;0;223;43;1;90;50;    ;0;208;72;    ;0;11;90;    ;353;190;90;32;112;189;269;348;    ;
30.143;    ;0;224;43;0;91;50;    ;0;207;72;    ;0;10;90;    ;353;190;90;32;112;189;269;348;    ;
30.175;    ;0;225;43;0;89;49;    ;0;207;72;    ;0;8;89;    ;353;190;90;33;112;189;269;348;    ;
30.211;    ;0;225;43;0;89;49;    ;0;206;72;    ;0;11;89;    ;353;190;90;33;112;189;269;348;    ;
30.243;    ;0;226;43;0;90;49;    ;0;206;72;    ;0;11;89;    ;353;190;90;33;112;189;269;348;    ;
30.275;    ;0;226;43;0;91;50;    ;0;205;72;    ;0;10;89;    ;353;190;90;32;113;189;269;348;    ;
30.311;    ;0;226;43;0;91;50;    ;0;205;72;    ;0;9;89;    ;353;190;90;32;113;189;269;348;    ;
30.343;    ;0;226;43;1;91;50;    ;0;204;72;    ;0;13;89;    ;353;190;90;32;112;189;269;348;    ;
30.375;    ;0;226;43;0;91;50;    ;0;204;72;    ;0;8;90;    ;353;190;90;32;112;189;269;348;    ;
30.411;    ;0;226;43;0;90;49;    ;0;203;72;    ;0;12;89;    ;353;190;90;32;112;189;269;348;    ;
30.440;    ;0;226;43;1;91;50;    ;0;203;72;    ;0;8;89;    ;353;190;90;32;112;189;269;348;    ;
30.474;    ;0;226;43;0;90;49;    ;0;202;72;    ;0;11;90;    ;353;190;90;32;112;189;269;348;    ;
30.511;    ;0;226;43;1;91;50;    ;0;202;72;    ;0;7;89;    ;353;190;90;33;112;189;269;348;    ;
30.544;    ;0;226;43;0;91;50;    ;0;201;72;    ;0;10;90;    ;353;190;90;33;112;189;269;348;    ;
30.573;    ;0;226;43;0;91;50;    ;0;201;72;    ;0;6;89;    ;353;190;90;33;112;189;269;348;    ;
30.610;    ;0;226;43;1;91;50;    ;0;200;72;    ;0;9;89;    ;353;190;90;32;112;189;269;348;    ;
30.639;    ;0;226;43;1;91;50;    ;0;200;72;    ;0;6;90;    ;353;190;90;32;112;189;269;348;    ;
30.673;    ;0;226;43;0;91;50;    ;0;199;72;    ;0;9;90;    ;353;190;90;32;113;189;269;348;    ;
30.710;    ;0;226;43;1;91;50;    ;0;199;72;    ;0;4;89;    ;353;190;90;32;112;189;269;348;    ;
30.740;    ;0;226;43;0;91;50;    ;0;198;72;    ;0;8;90;    ;353;190;90;32;113;189;269;348;    ;
30.775;    ;0;226;43;0;91;50;    ;0;198;72;    ;0;3;89;    ;353;190;90;32;112;189;269;348;    ;
30.812;    ;0;226;43;1;91;50;    ;0;197;72;    ;0;7;89;    ;353;190;90;33;112;189;269;348;    ;
30.846;    ;0;226;43;0;91;50;    ;0;197;72;    ;0;3;90;    ;353;190;90;33;112;189;269;348;    ;
30.875;    ;0;226;43;0;91;50;    ;0;196;72;    ;0;6;89;    ;353;190;90;33;112;189;269;348;    ;
30.908;    ;0;226;43;0;91;50;    ;0;196;72;    ;0;1;89;    ;353;190;90;33;112;189;269;348;    ;
30.945;    ;0;226;43;0;91;50;    ;0;195;72;    ;0;5;89;    ;353;190;90;32;113;189;269;348;    ;
30.968;    ;0;226;43;0;91;50;    ;0;195;72;    ;0;1;89;    ;353;190;90;32;112;189;269;348;    ;
31.004;    ;0;226;43;0;91;50;    ;0;194;72;    ;0;4;89;    ;353;190;90;32;112;189;269;348;    ;
31.033;    ;0;226;43;1;91;50;    ;0;194;72;    ;0;0;89;    ;353;190;90;32;112;189;269;348;    ;
31.070;    ;0;226;43;1;91;50;    ;0;193;72;    ;0;3;90;    ;353;190;90;32;112;189;269;348;    ;
31.109;    ;0;226;43;1;91;50;    ;0;193;72;    ;0;0;90;    ;353;190;90;32;113;189;269;348;    ;
31.139;    ;0;226;43;0;91;50;    ;0;192;72;    ;0;2;90;    ;353;190;90;32;112;189;269;348;    ;
31.172;    ;0;226;43;0;91;50;    ;0;192;72;    ;0;0;89;    ;353;190;90;33;112;189;269;348;    ;
31.206;    ;0;227;43;0;91;50;    ;0;191;72;    ;0;1;89;    ;353;190;90;33;112;189;269;348;    ;
31.242;    ;0;226;43;1;91;50;    ;0;191;72;    ;0;0;89;    ;353;190;90;32;112;189;269;348;    ;
31.272;    ;0;226;43;1;91;50;    ;0;190;72;    ;0;3;90;    ;353;190;90;32;113;189;269;348;    ;
31.310;    ;0;226;43;1;91;50;    ;0;190;72;    ;0;0;90;    ;353;190;90;32;113;189;269;348;    ;
31.343;    ;0;226;43;0;91;50;    ;0;189;72;    ;0;0;90;    ;353;190;90;32;112;189;269;348;    ;
31.375;    ;0;226;43;1;91;50;    ;0;189;72;    ;0;0;89;    ;353;190;90;32;112;189;269;348;    ;
31.411;    ;0;226;43;0;91;50;    ;0;188;72;    ;0;0;90;    ;353;190;90;32;113;189;269;348;    ;
31.442;    ;0;226;43;1;91;50;    ;0;188;72;    ;0;0;89;    ;353;190;90;32;112;189;269;348;    ;
31.474;    ;0;226;43;0;91;50;    ;0;187;72;    ;0;0;90;    ;353;190;90;32;112;189;269;348;    ;
31.511;    ;0;226;43;0;90;49;    ;0;187;72;    ;0;0;89;    ;353;190;90;32;112;189;269;348;    ;
31.543;    ;0;226;43;0;90;49;    ;0;186;72;    ;0;0;89;    ;353;190;90;32;112;189;269;348;    ;
31.575;    ;0;226;43;0;91;50;    ;0;186;72;    ;0;0;89;    ;353;190;90;32;113;189;269;348;    ;
31.611;    ;0;226;43;0;91;50;    ;0;185;72;    ;0;0;89;    ;353;190;90;32;113;189;269;348;    ;
31.642;    ;0;226;43;0;91;50;    ;0;185;72;    ;0;0;89;    ;353;190;90;32;112;189;269;348;    ;
31.669;    ;0;226;43;0;90;49;    ;0;184;72;    ;0;0;89;    ;353;190;90;32;112;189;269;348;    ;
31.710;    ;0;226;43;0;91;50;    ;0;184;72;    ;0;0;89;    ;353;190;90;32;112;189;269;348;    ;
31.741;    ;0;226;43;0;91;50;    ;0;183;72;    ;0;0;89;    ;353;190;90;32;113;189;269;348;    ;
31.772;    ;0;226;43;0;90;49;    ;0;183;72;    ;0;0;89;    ;353;190;90;32;112;189;269;348;    ;
31.804;    ;0;226;43;0;89;49;    ;0;182;72;    ;0;0;89;    ;353;190;90;32;112;189;269;348;    ;
31.842;    ;0;226;43;0;90;50;    ;0;182;72;    ;0;0;89;    ;353;190;90;32;112;189;269;348;    ;
31.871;    ;0;226;43;0;89;49;    ;0;181;72;    ;0;0;89;    ;353;190;90;33;112;189;269;348;    ;
31.909;    ;0;226;43;0;90;49;    ;0;181;72;    ;0;0;89;    ;353;190;90;33;112;189;269;348;    ;
31.942;    ;0;226;43;0;90;49;    ;0;180;72;    ;0;0;89;    ;353;190;90;32;113;189;269;348;    ;
31.973;    ;0;226;43;0;90;49;    ;0;180;72;    ;0;0;89;    ;353;190;90;32;112;189;269;348;    ;
32.011;    ;0;226;43;0;91;50;    ;0;179;72;    ;0;0;89;    ;353;190;90;32;112;189;269;348;    ;
32.045;    ;0;226;43;1;90;50;    ;0;179;72;    ;0;0;89;    ;353;190;90;32;112;189;269;348;    ;
32.075;    ;0;226;43;0;90;49;    ;0;178;72;    ;0;0;90;    ;353;190;90;32;113;189;269;348;    ;
32.111;    ;0;226;43;0;90;49;    ;0;178;72;    ;0;0;89;    ;353;190;90;32;112;189;269;348;    ;
32.143;    ;0;226;43;0;90;50;    ;0;177;72;    ;0;0;89;    ;353;190;90;33;112;189;269;348;    ;
32.176;    ;0;226;43;0;90;50;    ;0;177;72;    ;0;0;89;    ;353;190;90;33;112;189;269;348;    ;
32.212;    ;0;226;43;0;89;49;    ;0;176;72;    ;0;0;89;    ;353;190;90;33;112;189;269;348;    ;
32.242;    ;0;226;43;0;91;50;    ;0;176;72;    ;0;0;89;    ;353;190;90;32;113;189;269;348;    ;
32.271;    ;0;226;43;1;90;50;    ;0;175;72;    ;0;0;89;    ;353;190;90;32;113;189;269;348;    ;
32.307;    ;0;226;43;0;90;49;    ;0;175;72;    ;0;0;90;    ;353;190;90;32;112;189;269;348;    ;
32.344;    ;0;226;43;0;90;49;    ;0;174;72;    ;0;0;89;    ;353;190;90;32;112;189;269;348;    ;
32.371;    ;0;226;43;1;91;50;    ;0;174;72;    ;0;0;89;    ;353;190;90;32;112;189;269;348;    ;
32.408;    ;0;226;43;0;89;49;    ;0;173;72;    ;0;0;90;    ;353;190;90;32;112;189;269;348;    ;
