Time (s);    ;car_position;   ;input;    ;command;   ;obstacles
3.617;    ;0;318;62;-1;98;50;1;364;172;11;98;48;    ;300;200;    ;0;0;    
3.664;    ;0;318;62;-1;98;50;1;364;172;11;98;48;    ;0;499;71;1;500;159;    ;0;150;102;1;150;119;    
3.704;    ;0;318;62;-2;98;50;1;364;172;11;98;48;    ;0;499;74;1;500;162;    ;0;150;86;1;150;114;    
3.745;    ;0;318;62;-1;98;50;1;364;172;11;98;48;    ;0;498;71;1;500;159;    ;0;58;86;1;43;114;    
3.785;    ;0;318;62;-1;98;50;1;364;172;11;98;48;    ;0;498;71;1;500;159;    ;0;53;86;1;44;114;    
3.832;    ;0;318;62;-1;98;50;1;364;172;11;98;48;    ;0;497;71;1;500;159;    ;0;61;86;1;46;114;    
3.870;    ;0;318;62;-2;98;50;1;364;172;11;98;48;    ;0;497;74;1;500;162;    ;0;57;86;1;47;114;    
3.909;    ;0;318;62;-2;98;50;1;364;172;11;98;48;    ;0;496;71;1;500;159;    ;0;64;86;1;49;114;    
3.952;    ;0;318;62;-1;98;50;1;364;172;11;98;48;    ;0;496;74;1;500;162;    ;0;59;86;1;50;114;    
3.996;    ;0;318;62;-2;98;50;1;364;172;11;98;48;    ;0;495;71;1;500;159;    ;0;67;86;1;51;114;    
4.039;    ;0;318;62;-2;98;50;1;364;172;9;97;48;    ;0;495;74;1;500;162;    ;0;63;86;1;53;114;    
4.084;    ;0;318;62;-1;98;50;1;364;172;11;98;48;    ;0;494;74;1;500;162;    ;0;71;86;1;54;112;    
4.131;    ;0;318;62;-1;98;50;1;364;172;11;98;48;    ;0;494;71;1;500;159;    ;0;67;86;1;56;114;    
4.176;    ;0;318;62;-2;98;50;1;364;172;11;98;48;    ;0;493;74;1;500;162;    ;0;74;86;1;57;114;    
4.223;    ;0;318;62;-2;98;50;1;364;172;11;98;48;    ;0;493;74;1;500;162;    ;0;71;86;1;59;114;    
4.269;    ;0;318;62;-2;98;50;1;364;172;11;98;48;    ;0;492;71;1;500;159;    ;0;78;86;1;60;114;    
4.321;    ;0;318;62;-1;98;50;1;364;172;11;98;48;    ;0;492;71;1;500;159;    ;0;74;86;1;62;114;    
4.364;    ;0;318;62;-1;98;50;1;364;172;11;98;48;    ;0;491;71;1;500;159;    ;0;82;86;1;63;114;    
4.407;    ;0;318;62;-2;98;50;1;364;172;11;98;48;    ;0;491;71;1;500;159;    ;0;77;86;1;65;114;    
4.450;    ;0;318;62;0;98;50;1;364;172;11;98;48;    ;0;490;74;1;500;162;    ;0;85;86;1;66;114;    
4.493;    ;0;318;62;-1;98;50;1;364;172;11;98;48;    ;0;490;74;1;500;159;    ;0;81;87;1;67;114;    
4.543;    ;0;318;62;-1;98;50;1;364;172;11;98;48;    ;0;489;74;1;500;159;    ;0;88;86;1;69;114;    
4.591;    ;0;318;62;-1;98;50;1;364;172;11;98;48;    ;0;489;74;1;500;162;    ;0;85;86;1;71;114;    
4.633;    ;0;318;62;-2;98;50;1;364;172;11;98;48;    ;0;488;74;1;500;162;    ;0;92;86;1;72;114;    
4.675;    ;0;318;62;-1;98;50;1;364;172;11;98;48;    ;0;488;71;1;500;159;    ;0;88;86;1;73;114;    
4.718;    ;0;318;62;0;98;50;1;364;172;11;98;48;    ;0;487;74;1;500;162;    ;0;95;86;1;75;114;    
4.761;    ;0;318;62;-1;98;50;1;364;172;11;98;48;    ;0;487;74;1;500;162;    ;0;91;87;1;76;114;    
4.803;    ;0;318;62;-2;98;50;1;364;172;11;98;48;    ;0;486;71;1;500;159;    ;0;98;86;1;78;114;    
4.846;    ;0;318;62;-2;98;50;1;364;172;11;98;48;    ;0;486;71;1;500;159;    ;0;94;86;1;79;114;    
4.888;    ;0;318;62;-1;98;50;1;364;172;11;98;48;    ;0;485;71;1;500;159;    ;0;101;86;1;80;114;    
4.927;    ;0;318;62;-2;98;50;1;364;172;11;98;48;    ;0;485;71;1;500;159;    ;0;97;86;1;82;114;    
4.966;    ;0;318;62;-1;98;50;1;364;172;11;98;48;    ;0;484;71;1;500;159;    ;0;104;86;1;83;114;    
5.004;    ;0;318;62;-2;98;50;1;364;172;11;98;48;    ;0;484;71;1;500;159;    ;0;99;86;1;84;114;    
5.042;    ;0;318;62;-2;98;50;1;364;172;11;98;48;    ;0;483;71;1;500;159;    ;0;107;86;1;86;114;    
5.079;    ;0;318;62;-1;98;50;1;364;172;11;98;48;    ;0;483;71;1;500;159;    ;0;102;86;1;87;114;    
5.116;    ;0;318;62;-1;98;50;1;364;172;11;98;48;    ;0;482;71;1;500;159;    ;0;110;86;1;88;114;    
5.154;    ;0;318;62;-1;98;50;1;364;172;11;98;48;    ;0;482;71;1;500;159;    ;0;105;86;1;89;114;    
5.191;    ;0;318;62;-1;98;50;1;364;172;11;98;48;    ;0;481;71;1;500;159;    ;0;112;86;1;90;114;    
5.229;    ;0;318;62;-1;98;50;1;364;172;11;98;48;    ;0;481;71;1;500;159;    ;0;107;86;1;92;114;    
5.266;    ;0;318;62;-1;98;50;1;364;172;11;98;48;    ;0;480;71;1;500;159;    ;0;115;86;1;93;114;    
5.303;    ;0;318;62;-1;98;50;1;364;172;11;98;48;    ;0;480;71;1;500;159;    ;0;110;86;1;94;114;    
5.338;    ;0;318;62;-1;98;50;1;364;172;11;98;48;    ;0;479;71;1;500;159;    ;0;118;86;1;95;114;    
5.373;    ;0;318;62;-2;98;50;1;364;172;11;98;48;    ;0;479;71;1;500;159;    ;0;112;86;1;96;114;    
5.408;    ;0;318;62;-1;98;50;1;364;172;11;98;48;    ;0;478;71;1;500;159;    ;0;120;86;1;98;114;    
5.444;    ;0;318;62;-1;98;50;1;364;172;11;98;48;    ;0;478;71;1;500;159;    ;0;114;86;1;99;114;    
5.480;    ;0;318;62;-1;98;50;1;364;172;11;98;48;    ;0;477;71;1;500;159;    ;0;122;86;1;100;114;    
5.516;    ;0;318;62;-2;98;50;1;364;172;11;98;48;    ;0;477;71;1;500;159;    ;0;117;86;1;101;114;    
5.552;    ;0;318;62;-1;98;50;1;364;172;11;98;48;    ;0;476;71;1;500;159;    ;0;125;86;1;102;114;    
5.588;    ;0;318;62;-1;98;50;1;364;172;11;98;48;    ;0;476;71;1;500;159;    ;0;119;86;1;103;114;    
5.625;    ;0;318;62;-1;98;50;1;364;172;11;98;48;    ;0;475;71;1;500;159;    ;0;127;86;1;105;114;    
5.663;    ;0;318;62;-1;98;50;1;364;172;11;98;48;    ;0;475;74;1;500;161;    ;0;122;86;1;106;114;    
5.699;    ;0;318;62;-2;98;50;1;364;172;11;98;48;    ;0;474;74;1;500;161;    ;0;130;86;1;107;114;    
5.735;    ;0;318;62;-2;98;50;1;364;172;11;98;48;    ;0;474;71;1;500;159;    ;0;124;86;1;108;114;    
5.772;    ;0;318;62;-2;98;50;1;364;172;11;98;48;    ;0;473;71;1;500;159;    ;0;132;86;1;109;114;    
5.810;    ;0;318;62;-1;98;50;1;364;172;11;98;48;    ;0;473;71;1;500;159;    ;0;127;86;1;111;114;    
5.847;    ;0;318;62;-2;98;50;1;364;172;11;98;48;    ;0;472;74;1;500;162;    ;0;135;86;1;112;114;    
5.884;    ;0;318;62;-2;98;50;1;364;172;11;98;48;    ;0;472;74;1;500;162;    ;0;129;86;1;113;114;    
5.919;    ;0;318;62;-2;98;50;1;364;172;11;98;48;    ;0;471;74;1;500;162;    ;0;137;86;1;114;114;    
5.955;    ;0;318;62;0;98;50;1;364;172;11;98;48;    ;0;471;74;1;500;161;    ;0;131;86;1;115;114;    
5.991;    ;0;318;62;-1;98;50;1;364;172;11;98;48;    ;0;470;74;1;500;159;    ;0;139;87;1;117;114;    
6.028;    ;0;318;62;-1;98;50;1;364;172;11;98;48;    ;0;470;71;1;500;159;    ;0;134;86;1;118;114;    
6.065;    ;0;318;62;-1;98;50;1;364;172;11;98;48;    ;0;469;71;1;500;159;    ;0;142;86;1;119;114;    
6.101;    ;0;318;62;-2;98;50;1;364;172;11;98;48;    ;0;469;71;1;500;159;    ;0;136;86;1;120;114;    
6.138;    ;0;318;62;-1;98;50;1;364;172;11;98;48;    ;0;468;71;1;500;159;    ;0;144;86;1;121;114;    
6.175;    ;0;318;62;-1;98;50;1;364;172;11;98;48;    ;0;468;74;1;500;162;    ;0;139;86;1;123;114;    
6.211;    ;0;318;62;-1;98;50;1;364;172;11;98;48;    ;0;467;71;1;500;159;    ;0;147;86;1;124;114;    
6.248;    ;0;318;62;-1;98;50;1;364;172;11;98;48;    ;0;467;71;1;500;159;    ;0;141;86;1;125;114;    
6.284;    ;0;318;62;-1;98;50;1;364;172;11;98;48;    ;0;466;71;1;500;159;    ;0;149;86;1;126;114;    
6.320;    ;0;318;62;-2;98;50;1;364;172;11;98;48;    ;0;466;71;1;500;159;    ;0;143;86;1;127;114;    
6.357;    ;0;318;62;-1;98;50;1;364;172;11;98;48;    ;0;465;74;1;500;162;    ;0;150;86;1;129;114;    
6.393;    ;0;318;62;-1;98;50;1;364;172;11;98;48;    ;0;465;71;1;500;159;    ;0;146;86;1;130;114;    
6.430;    ;0;318;62;-1;98;50;1;364;172;11;98;48;    ;0;464;71;1;500;159;    ;0;150;86;1;131;114;    
6.475;    ;0;318;62;-2;98;50;1;364;172;11;98;48;    ;0;464;71;1;500;159;    ;0;148;86;1;132;114;    
6.518;    ;0;318;62;-1;98;50;1;364;172;11;98;48;    ;0;463;71;1;500;159;    ;0;150;86;1;134;114;    
6.560;    ;0;318;62;-1;98;50;1;364;172;11;98;48;    ;0;463;71;1;500;159;    ;0;150;86;1;135;114;    
6.600;    ;0;318;62;-2;98;50;1;364;172;11;98;48;    ;0;462;71;1;500;159;    ;0;150;86;1;136;114;    
6.637;    ;0;318;62;-2;98;50;1;364;172;11;98;48;    ;0;462;71;1;500;159;    ;0;150;86;1;138;114;    
6.674;    ;0;318;62;-1;98;50;1;364;172;11;98;48;    ;0;461;71;1;500;159;    ;0;150;86;1;139;114;    
6.711;    ;0;318;62;0;98;50;1;364;172;11;98;48;    ;0;461;74;1;500;161;    ;0;150;86;1;140;114;    
6.749;    ;0;318;62;-2;98;50;1;364;172;11;98;48;    ;0;460;74;1;500;159;    ;0;150;87;1;141;114;    
6.788;    ;0;318;62;-1;98;50;1;364;172;11;98;48;    ;0;460;74;1;500;159;    ;0;150;86;1;143;114;    
6.827;    ;0;318;62;-2;98;50;1;364;172;11;98;48;    ;0;459;74;1;500;162;    ;0;150;86;1;144;114;    
6.866;    ;0;318;62;-1;98;50;1;364;172;11;98;48;    ;0;459;74;1;500;162;    ;0;150;86;1;145;114;    
6.903;    ;0;318;62;-2;98;50;1;364;172;11;98;48;    ;0;458;74;1;500;161;    ;0;150;86;1;146;114;    
6.941;    ;0;318;62;-1;98;50;1;364;172;11;98;48;    ;0;458;74;1;500;162;    ;0;150;86;1;148;114;    
6.978;    ;0;318;62;-1;98;50;1;364;172;11;98;48;    ;0;457;71;1;500;159;    ;0;150;86;1;149;114;    
7.015;    ;0;318;62;-2;98;50;1;364;172;11;98;48;    ;0;457;71;1;500;159;    ;0;150;86;1;150;114;    
7.053;    ;0;318;62;-1;98;50;1;364;172;11;98;48;    ;0;456;71;1;500;159;    ;0;150;86;1;150;114;    
7.089;    ;0;318;62;-1;98;50;1;364;172;11;98;48;    ;0;456;71;1;500;159;    ;0;150;86;1;150;114;    
7.125;    ;0;318;62;-2;98;50;1;364;172;11;98;48;    ;0;455;74;1;500;162;    ;0;150;86;1;150;114;    
7.161;    ;0;318;62;-1;98;50;1;364;172;11;98;48;    ;0;455;74;1;500;162;    ;0;150;86;1;150;114;    
7.198;    ;0;318;62;-1;98;50;1;364;172;11;98;48;    ;0;454;74;1;500;162;    ;0;150;86;1;150;114;    
7.236;    ;0;318;62;-2;98;50;1;364;172;11;98;48;    ;0;454;74;1;500;162;    ;0;150;86;1;150;114;    
7.279;    ;0;318;62;-1;98;50;1;364;172;11;98;48;    ;0;453;74;1;500;162;    ;0;150;86;1;150;114;    
7.321;    ;0;318;62;-2;98;50;1;364;172;11;98;48;    ;0;453;74;1;500;162;    ;0;150;86;1;150;114;    
7.360;    ;0;318;62;-1;98;50;1;364;172;9;97;48;    ;0;452;74;1;500;162;    ;0;150;86;1;150;114;    
7.396;    ;0;318;62;-1;98;50;1;364;172;11;98;48;    ;0;452;74;1;500;162;    ;0;150;86;1;150;112;    
7.432;    ;0;318;62;-1;98;50;1;364;172;11;98;48;    ;0;451;74;1;500;162;    ;0;150;86;1;150;114;    
7.467;    ;0;318;62;-1;98;50;1;364;172;11;98;48;    ;0;451;71;1;500;159;    ;0;150;86;1;150;114;    
7.502;    ;0;318;62;-1;98;50;1;364;172;11;98;48;    ;0;450;71;1;500;159;    ;0;150;86;1;150;114;    
7.538;    ;0;318;62;-1;98;50;1;364;172;11;98;48;    ;0;450;71;1;500;159;    ;0;150;86;1;150;114;    
7.580;    ;0;318;62;0;98;50;1;364;172;11;98;48;    ;0;449;74;1;500;162;    ;0;150;86;1;150;114;    
7.622;    ;0;318;62;-1;98;50;1;364;172;11;98;48;    ;0;449;74;1;500;161;    ;0;150;87;1;150;114;    
7.669;    ;0;318;62;-2;98;50;1;364;172;11;98;48;    ;0;448;71;1;500;159;    ;0;150;86;1;150;114;    
7.710;    ;0;318;62;-1;98;50;1;364;172;11;98;48;    ;0;448;71;1;500;159;    ;0;150;86;1;150;114;    
7.751;    ;0;318;62;-1;98;50;1;364;172;11;98;48;    ;0;447;74;1;500;162;    ;0;150;86;1;150;114;    
7.791;    ;0;318;62;-2;98;50;1;364;172;11;98;48;    ;0;447;71;1;500;159;    ;0;150;86;1;150;114;    
7.827;    ;0;318;62;-2;98;50;1;364;172;11;98;48;    ;0;446;75;1;500;163;    ;0;150;86;1;150;114;    
7.863;    ;0;318;62;-1;98;50;1;364;172;11;98;48;    ;0;446;74;1;500;162;    ;0;150;86;1;150;114;    
7.898;    ;0;318;62;-1;98;50;1;364;172;11;98;48;    ;0;445;71;1;500;159;    ;0;150;86;1;150;114;    
7.935;    ;0;318;62;-1;98;50;1;364;172;11;98;48;    ;0;445;71;1;500;159;    ;0;150;86;1;150;114;    
7.972;    ;0;318;62;-1;98;50;1;364;172;11;98;48;    ;0;444;71;1;500;159;    ;0;150;86;1;150;114;    
8.009;    ;0;318;62;-2;98;50;1;364;172;11;98;48;    ;0;444;75;1;500;163;    ;0;150;86;1;150;114;    
8.045;    ;0;318;62;-1;98;50;1;364;172;11;98;48;    ;0;443;71;1;500;159;    ;0;150;86;1;150;114;    
8.084;    ;0;318;62;-2;98;50;1;364;172;11;98;48;    ;0;443;74;1;500;162;    ;0;150;86;1;150;114;    
8.121;    ;0;318;62;-1;98;50;1;364;172;11;98;48;    ;0;442;74;1;500;161;    ;0;150;86;1;150;114;    
8.159;    ;0;318;62;-1;98;50;1;364;172;11;98;48;    ;0;442;71;1;500;159;    ;0;150;86;1;150;114;    
8.196;    ;0;318;62;-1;98;50;1;364;172;11;98;48;    ;0;441;71;1;500;159;    ;0;150;86;1;150;114;    
8.232;    ;0;318;62;-2;98;50;1;364;172;11;98;48;    ;0;441;71;1;500;159;    ;0;150;86;1;150;114;    
8.269;    ;0;318;62;-2;98;50;1;364;172;11;98;48;    ;0;440;71;1;500;159;    ;0;150;86;1;150;114;    
8.304;    ;0;318;62;-1;98;50;1;364;172;11;98;48;    ;0;440;74;1;500;162;    ;0;150;86;1;150;114;    
8.342;    ;0;318;62;-1;98;50;1;364;172;11;98;48;    ;0;439;71;1;500;159;    ;0;150;86;1;150;114;    
8.379;    ;0;318;62;-2;98;50;1;364;172;11;98;48;    ;0;439;71;1;500;159;    ;0;150;86;1;150;114;    
8.417;    ;0;318;62;-1;98;50;1;364;172;11;98;48;    ;0;438;71;1;500;159;    ;0;150;86;1;150;114;    
8.453;    ;0;318;62;-1;98;50;1;364;172;11;98;48;    ;0;438;71;1;500;159;    ;0;150;86;1;150;114;    
8.489;    ;0;318;62;-2;98;50;1;364;172;11;98;48;    ;0;437;74;1;500;162;    ;0;150;86;1;150;114;    
8.531;    ;0;318;62;-1;98;50;1;364;172;11;98;48;    ;0;437;74;1;500;162;    ;0;150;86;1;150;114;    
8.572;    ;0;318;62;-1;98;50;1;364;172;11;98;48;    ;0;436;74;1;500;162;    ;0;150;86;1;150;114;    
8.614;    ;0;318;62;-1;98;50;1;364;172;11;98;48;    ;0;436;71;1;500;159;    ;0;150;86;1;150;114;    
8.656;    ;0;318;62;-1;98;50;1;364;172;11;98;48;    ;0;435;71;1;500;159;    ;0;150;86;1;150;114;    
8.698;    ;0;318;62;-2;98;50;1;364;172;11;98;48;    ;0;435;74;1;500;162;    ;0;150;86;1;150;114;    
8.741;    ;0;318;62;-2;98;50;1;364;172;11;98;48;    ;0;434;71;1;500;159;    ;0;150;86;1;150;114;    
8.782;    ;0;318;62;0;98;50;1;364;172;11;98;48;    ;0;434;71;1;500;159;    ;0;150;86;1;150;114;    
8.820;    ;0;318;62;-1;98;50;1;364;172;11;98;48;    ;0;433;71;1;500;159;    ;0;150;87;1;150;114;    
8.858;    ;0;318;62;-1;98;50;1;364;172;11;98;48;    ;0;433;74;1;500;159;    ;0;150;86;1;150;114;    
8.894;    ;0;318;62;-2;98;50;1;364;172;11;98;48;    ;0;432;71;1;500;159;    ;0;150;86;1;150;114;    
8.931;    ;0;318;62;-1;98;50;1;364;172;11;98;48;    ;0;432;74;1;500;162;    ;0;150;86;1;150;114;    
8.967;    ;0;318;62;-1;98;50;1;364;172;11;98;48;    ;0;431;74;1;500;162;    ;0;150;86;1;150;114;    
9.004;    ;0;318;62;-1;98;50;1;364;172;11;98;48;    ;0;431;74;1;500;161;    ;0;150;86;1;150;114;    
9.041;    ;0;318;62;-2;98;50;1;364;172;11;98;48;    ;0;430;71;1;500;159;    ;0;150;86;1;150;114;    
9.077;    ;0;318;62;-1;98;50;1;364;172;11;98;48;    ;0;430;71;1;500;159;    ;0;150;86;1;150;114;    
9.113;    ;0;318;62;-2;98;50;1;364;172;11;98;48;    ;0;429;71;1;500;159;    ;0;150;86;1;150;114;    
9.148;    ;0;318;62;-1;98;50;1;364;172;11;98;48;    ;0;429;71;1;500;159;    ;0;150;86;1;150;114;    
9.185;    ;0;318;62;-1;98;50;1;364;172;11;98;48;    ;0;428;71;1;500;159;    ;0;150;86;1;150;114;    
9.220;    ;0;318;62;-1;98;50;1;364;172;11;98;48;    ;0;428;71;1;500;159;    ;0;150;86;1;150;114;    
9.256;    ;0;318;62;-2;98;50;1;364;172;11;98;48;    ;0;427;71;1;500;159;    ;0;150;86;1;150;114;    
9.291;    ;0;318;62;-1;98;50;1;364;172;11;98;48;    ;0;427;71;1;500;159;    ;0;150;86;1;150;114;    
9.327;    ;0;318;62;-2;98;50;1;364;172;11;98;48;    ;0;426;71;1;500;159;    ;0;150;86;1;150;114;    
9.363;    ;0;318;62;-1;98;50;1;364;172;11;98;48;    ;0;426;71;1;500;159;    ;0;150;86;1;150;114;    
9.399;    ;0;318;62;-2;98;50;1;364;172;11;98;48;    ;0;425;71;1;500;159;    ;0;150;86;1;150;114;    
9.434;    ;0;318;62;-1;98;50;1;364;172;11;98;48;    ;0;425;71;1;500;159;    ;0;150;86;1;150;114;    
9.469;    ;0;318;62;-2;98;50;1;364;172;11;98;48;    ;0;424;74;1;500;162;    ;0;150;86;1;150;114;    
9.505;    ;0;318;62;-1;98;50;1;364;172;11;98;48;    ;0;424;71;1;500;159;    ;0;150;86;1;150;114;    
9.540;    ;0;318;62;-1;98;50;1;364;172;11;98;48;    ;0;423;74;1;500;162;    ;0;150;86;1;150;114;    
9.582;    ;0;318;62;-1;98;50;1;364;172;11;98;48;    ;0;423;71;1;500;159;    ;0;150;86;1;150;114;    
9.624;    ;0;318;62;-1;98;50;1;364;172;11;98;48;    ;0;422;71;1;500;159;    ;0;150;86;1;150;114;    
9.666;    ;0;318;62;-1;98;50;1;364;172;11;98;48;    ;0;422;71;1;500;159;    ;0;150;86;1;150;114;    
9.704;    ;0;318;62;-2;98;50;1;364;172;11;98;48;    ;0;421;71;1;500;159;    ;0;150;86;1;150;114;    
9.744;    ;0;318;62;-1;98;50;1;364;172;11;98;48;    ;0;421;71;1;500;159;    ;0;150;86;1;150;114;    
9.785;    ;0;318;62;-1;98;50;1;364;172;11;98;48;    ;0;420;71;1;500;159;    ;0;150;86;1;150;114;    
9.831;    ;0;318;62;-1;98;50;1;364;172;11;98;48;    ;0;420;71;1;500;159;    ;0;150;86;1;150;114;    
9.869;    ;0;318;62;-1;98;50;1;364;172;11;98;48;    ;0;419;71;1;500;159;    ;0;150;86;1;150;114;    
9.905;    ;0;318;62;-1;98;50;1;364;172;11;98;48;    ;0;419;71;1;500;159;    ;0;150;86;1;150;114;    
9.942;    ;0;318;62;-2;98;50;1;364;172;11;98;48;    ;0;418;71;1;500;159;    ;0;150;86;1;150;114;    
9.977;    ;0;318;62;-1;98;50;1;364;172;11;98;48;    ;0;418;74;1;500;161;    ;0;150;86;1;150;114;    
10.013;    ;0;318;62;-2;98;50;1;364;172;11;98;48;    ;0;417;74;1;500;162;    ;0;150;86;1;150;114;    
10.049;    ;0;318;62;-1;98;50;1;364;172;11;98;48;    ;0;417;71;1;500;159;    ;0;150;86;1;150;114;    
10.085;    ;0;318;62;-2;98;50;1;364;172;11;98;48;    ;0;416;74;1;500;162;    ;0;150;86;1;150;114;    
10.121;    ;0;318;62;-1;98;50;1;364;172;11;98;48;    ;0;416;74;1;500;161;    ;0;150;86;1;150;114;    
10.156;    ;0;318;62;-1;98;50;1;364;172;11;98;48;    ;0;415;74;1;500;162;    ;0;150;86;1;150;114;    
10.191;    ;0;318;62;-2;98;50;1;364;172;11;98;48;    ;0;415;74;1;500;162;    ;0;150;86;1;150;114;    
10.228;    ;0;318;62;-1;98;50;1;364;172;11;98;48;    ;0;414;71;1;500;159;    ;0;150;86;1;150;114;    
10.265;    ;0;318;62;-2;98;50;1;364;172;11;98;48;    ;0;414;71;1;500;159;    ;0;150;86;1;150;114;    
10.300;    ;0;318;62;-2;98;50;1;364;172;11;98;48;    ;0;413;74;1;500;161;    ;0;150;86;1;150;114;    
10.338;    ;0;318;62;-2;98;50;1;364;172;11;98;48;    ;0;413;74;1;500;162;    ;0;150;86;1;150;114;    
10.381;    ;0;318;62;-1;98;50;1;364;172;11;98;48;    ;0;412;74;1;500;162;    ;0;150;86;1;150;114;    
10.423;    ;0;318;62;-1;98;50;1;364;172;11;98;48;    ;0;412;71;1;500;159;    ;0;150;86;1;150;114;    
10.464;    ;0;318;62;-1;98;50;1;364;172;11;98;48;    ;0;411;71;1;500;159;    ;0;150;86;1;150;114;    
10.506;    ;0;318;62;-2;98;50;1;364;172;11;98;48;    ;0;411;71;1;500;159;    ;0;150;86;1;150;114;    
10.548;    ;0;318;62;-1;98;50;1;364;172;11;98;48;    ;0;410;74;1;500;162;    ;0;150;86;1;150;114;    
10.589;    ;0;318;62;-2;98;50;1;364;172;11;98;48;    ;0;410;71;1;500;159;    ;0;150;86;1;150;114;    
10.636;    ;0;318;62;-1;98;50;1;364;172;11;98;48;    ;0;409;71;1;500;159;    ;0;150;86;1;150;114;    
10.675;    ;0;318;62;-1;98;50;1;364;172;11;98;48;    ;0;409;74;1;500;162;    ;0;150;86;1;150;114;    
10.713;    ;0;318;62;-1;98;50;1;364;172;11;98;48;    ;0;408;74;1;500;162;    ;0;150;86;1;150;114;    
10.750;    ;0;318;62;-2;98;50;1;364;172;11;98;48;    ;0;408;74;1;500;162;    ;0;150;86;1;150;114;    
10.788;    ;0;318;62;-1;98;50;1;364;171;11;98;48;    ;0;407;71;1;500;159;    ;0;150;86;1;150;114;    
10.825;    ;0;318;62;-1;98;50;1;364;172;11;98;48;    ;0;407;74;1;500;162;    ;0;150;86;1;150;114;    
10.863;    ;0;318;62;-1;98;50;1;364;172;11;98;48;    ;0;406;74;1;500;162;    ;0;150;86;1;150;114;    
10.899;    ;0;318;62;-1;98;50;1;364;172;11;98;48;    ;0;406;74;1;500;161;    ;0;150;86;1;150;114;    
10.934;    ;0;318;62;-1;98;50;1;364;172;11;98;48;    ;0;405;71;1;500;159;    ;0;150;86;1;150;114;    
10.969;    ;0;318;62;-1;98;50;1;364;172;11;98;48;    ;0;405;71;1;500;159;    ;0;150;86;1;150;114;    
11.005;    ;0;318;62;-1;98;50;1;364;172;11;98;48;    ;0;404;71;1;500;159;    ;0;150;86;1;150;114;    
11.039;    ;0;318;62;-1;98;50;1;364;172;11;98;48;    ;0;404;71;1;500;159;    ;0;150;86;1;150;114;    
11.075;    ;0;318;62;-1;98;50;1;364;172;11;98;48;    ;0;403;71;1;500;159;    ;0;150;86;1;150;114;    
11.111;    ;0;318;62;-1;98;50;1;364;172;11;98;48;    ;0;403;71;1;500;159;    ;0;150;86;1;150;114;    
11.147;    ;0;318;62;-1;98;50;1;364;172;11;98;48;    ;0;402;74;1;500;161;    ;0;150;86;1;150;114;    
11.183;    ;0;318;62;-2;98;50;1;364;172;11;98;48;    ;0;402;74;1;500;162;    ;0;150;86;1;150;114;    
11.219;    ;0;318;62;-1;98;50;1;364;172;11;98;48;    ;0;401;71;1;500;159;    ;0;150;86;1;150;114;    
11.256;    ;0;318;62;-1;98;50;1;364;172;11;98;48;    ;0;401;71;1;500;159;    ;0;150;86;1;150;114;    
11.294;    ;0;318;62;-1;98;50;1;364;172;11;98;48;    ;0;400;74;1;500;162;    ;0;150;86;1;150;114;    
11.332;    ;0;318;62;-1;98;50;1;364;172;11;98;48;    ;0;400;71;1;500;159;    ;0;150;86;1;150;114;    
11.369;    ;0;318;62;-2;98;50;1;364;172;11;98;48;    ;0;399;74;1;500;162;    ;0;150;86;1;150;114;    
11.405;    ;0;318;62;-1;98;50;1;364;172;11;98;48;    ;0;399;74;1;500;162;    ;0;150;86;1;150;114;    
11.444;    ;0;318;62;-2;98;50;1;364;172;11;98;48;    ;0;398;74;1;500;162;    ;0;150;86;1;150;114;    
11.480;    ;0;318;62;-1;98;50;1;364;172;11;98;48;    ;0;398;71;1;500;159;    ;0;150;86;1;150;114;    
11.516;    ;0;318;62;-1;98;50;1;364;172;11;98;48;    ;0;397;71;1;500;159;    ;0;150;86;1;150;114;    
11.551;    ;0;318;62;-1;98;50;1;364;172;11;98;48;    ;0;397;71;1;500;159;    ;0;150;86;1;150;114;    
11.588;    ;0;318;62;-1;98;50;1;364;172;11;98;48;    ;0;396;71;1;500;159;    ;0;150;86;1;150;114;    
11.624;    ;0;318;62;-1;98;50;1;364;172;11;98;48;    ;0;396;74;1;500;162;    ;0;150;86;1;150;114;    
11.659;    ;0;318;62;-1;98;50;1;364;172;11;98;48;    ;0;395;71;1;500;159;    ;0;150;86;1;150;114;    
11.695;    ;0;318;62;-2;98;50;1;364;172;11;98;48;    ;0;395;71;1;500;159;    ;0;150;86;1;150;114;    
11.731;    ;0;318;62;-1;98;50;1;364;172;11;98;48;    ;0;394;71;1;500;159;    ;0;150;86;1;150;114;    
11.768;    ;0;318;62;-2;98;50;1;364;172;11;98;48;    ;0;394;71;1;500;159;    ;0;150;86;1;150;114;    
11.803;    ;0;318;62;-1;98;50;1;364;172;11;98;48;    ;0;393;74;1;500;162;    ;0;150;86;1;150;114;    
11.840;    ;0;318;62;-1;98;50;1;364;172;11;98;48;    ;0;393;74;1;500;162;    ;0;150;86;1;150;114;    
11.876;    ;0;318;62;-2;98;50;1;364;172;11;98;48;    ;0;392;71;1;500;159;    ;0;150;86;1;150;114;    
11.912;    ;0;318;62;-1;98;50;1;364;172;11;98;48;    ;0;392;74;1;500;162;    ;0;150;86;1;150;114;    
11.949;    ;0;318;62;-1;98;50;1;364;172;11;98;48;    ;0;391;71;1;500;158;    ;0;150;86;1;150;114;    
11.985;    ;0;318;62;-1;98;50;1;364;172;11;98;48;    ;0;391;71;1;500;159;    ;0;150;86;1;150;114;    
12.021;    ;0;318;62;-1;98;50;1;364;172;11;98;48;    ;0;390;71;1;500;159;    ;0;150;86;1;150;114;    
12.059;    ;0;318;62;-1;98;50;1;364;172;11;98;48;    ;0;390;71;1;500;159;    ;0;150;86;1;150;114;    
12.101;    ;0;318;62;-1;98;50;1;364;172;11;98;48;    ;0;389;71;1;500;159;    ;0;150;86;1;150;114;    
12.144;    ;0;318;62;-1;98;50;1;364;172;11;98;48;    ;0;389;71;1;500;159;    ;0;150;86;1;150;114;    
12.187;    ;0;318;62;-1;98;50;1;364;172;11;98;48;    ;0;388;74;1;500;162;    ;0;150;86;1;150;114;    
12.228;    ;0;318;62;-2;98;50;1;364;172;11;98;48;    ;0;388;71;1;500;159;    ;0;150;86;1;150;114;    
12.265;    ;0;318;62;-1;98;50;1;364;172;11;98;48;    ;0;387;71;1;500;159;    ;0;150;86;1;150;114;    
12.301;    ;0;318;62;-1;98;50;1;364;172;11;98;48;    ;0;387;74;1;500;162;    ;0;150;86;1;150;114;    
12.338;    ;0;318;62;-1;98;50;1;364;172;11;98;48;    ;0;386;74;1;500;161;    ;0;150;86;1;150;114;    
12.375;    ;0;318;62;-1;98;50;1;364;172;11;98;48;    ;0;386;71;1;500;159;    ;0;150;86;1;150;114;    
12.412;    ;0;318;62;0;98;50;1;364;172;11;98;48;    ;0;385;71;1;500;159;    ;0;150;86;1;150;114;    
12.448;    ;0;318;62;-1;98;50;1;364;172;11;98;48;    ;0;385;74;1;500;159;    ;0;150;87;1;150;114;    
12.483;    ;0;318;62;-1;98;50;1;364;172;11;98;48;    ;0;384;74;1;500;159;    ;0;150;86;1;150;114;    
12.519;    ;0;318;62;-2;98;50;1;364;172;11;98;48;    ;0;384;74;1;500;162;    ;0;150;86;1;150;114;    
12.555;    ;0;318;62;-2;98;50;1;364;172;11;98;48;    ;0;383;74;1;500;162;    ;0;150;86;1;150;114;    
12.590;    ;0;318;62;-2;98;50;1;364;172;11;98;48;    ;0;383;74;1;500;161;    ;0;150;86;1;150;114;    
12.625;    ;0;318;62;-1;98;50;1;364;172;11;98;48;    ;0;382;74;1;500;161;    ;0;150;86;1;150;114;    
12.661;    ;0;318;62;-1;98;50;1;364;172;11;98;48;    ;0;382;74;1;500;162;    ;0;150;86;1;150;114;    
12.697;    ;0;318;62;-1;98;50;1;364;172;11;98;48;    ;0;381;74;1;500;162;    ;0;150;86;1;150;114;    
12.734;    ;0;318;62;-1;98;50;1;364;172;11;98;48;    ;0;381;71;1;500;159;    ;0;150;86;1;150;114;    
12.773;    ;0;318;62;-1;98;50;1;364;172;11;98;48;    ;0;380;71;1;500;159;    ;0;150;86;1;150;114;    
12.809;    ;0;318;62;-1;98;50;1;364;172;11;98;48;    ;0;380;71;1;500;159;    ;0;150;86;1;150;114;    
12.845;    ;0;318;62;-1;98;50;1;364;172;11;98;48;    ;0;379;71;1;500;159;    ;0;150;86;1;150;114;    
12.881;    ;0;318;62;-1;98;50;1;364;172;11;98;48;    ;0;379;71;1;500;159;    ;0;150;86;1;150;114;    
12.917;    ;0;318;62;-2;98;50;1;364;172;11;98;48;    ;0;378;71;1;500;159;    ;0;150;86;1;150;114;    
12.952;    ;0;318;62;-1;98;50;1;364;172;11;98;48;    ;0;378;74;1;500;162;    ;0;150;86;1;150;114;    
12.988;    ;0;318;62;-2;98;50;1;364;172;11;98;48;    ;0;377;71;1;500;159;    ;0;150;86;1;150;114;    
13.024;    ;0;318;62;-1;98;50;1;364;172;11;98;48;    ;0;377;74;1;500;162;    ;0;150;86;1;150;114;    
13.060;    ;0;318;62;-1;98;50;1;364;172;11;98;48;    ;0;376;71;1;500;159;    ;0;150;86;1;150;114;    
13.096;    ;0;318;62;-1;98;50;1;364;172;11;98;48;    ;0;376;74;1;500;162;    ;0;150;86;1;150;114;    
13.132;    ;0;318;62;-1;98;50;1;364;172;11;98;48;    ;0;375;74;1;500;162;    ;0;150;86;1;150;114;    
13.168;    ;0;318;62;-1;98;50;1;364;172;11;98;48;    ;0;375;74;1;500;162;    ;0;150;86;1;150;114;    
13.202;    ;0;318;62;-1;98;50;1;364;172;11;98;48;    ;0;374;71;1;500;159;    ;0;150;86;1;150;114;    
13.238;    ;0;318;62;-2;98;50;1;364;172;11;98;48;    ;0;374;71;1;500;159;    ;0;150;86;1;150;114;    
13.273;    ;0;318;62;-2;98;50;1;364;172;11;98;48;    ;0;373;71;1;500;159;    ;0;150;86;1;150;114;    
13.309;    ;0;318;62;-2;98;50;1;364;172;11;98;48;    ;0;373;74;1;500;162;    ;0;150;86;1;150;114;    
13.350;    ;0;318;62;-1;98;50;1;364;172;11;98;48;    ;0;372;74;1;500;161;    ;0;150;86;1;150;114;    
13.385;    ;0;318;62;-1;98;50;1;364;172;11;98;48;    ;0;372;71;1;500;159;    ;0;150;86;1;150;114;    
13.420;    ;0;318;62;-1;98;50;1;364;172;11;98;48;    ;0;371;74;1;500;162;    ;0;150;86;1;150;114;    
13.456;    ;0;318;62;-1;98;50;1;364;172;11;98;48;    ;0;371;74;1;500;161;    ;0;150;86;1;150;114;    
13.492;    ;0;318;62;-2;98;50;1;364;172;11;98;48;    ;0;370;71;1;500;159;    ;0;150;86;1;150;114;    
13.528;    ;0;318;62;-1;98;50;1;364;172;11;98;48;    ;0;370;74;1;500;161;    ;0;150;86;1;150;114;    
13.564;    ;0;318;62;-1;98;50;1;364;172;11;98;48;    ;0;369;71;1;500;159;    ;0;150;86;1;150;114;    
13.601;    ;0;318;62;-2;98;50;1;364;172;11;98;48;    ;0;369;74;1;500;162;    ;0;150;86;1;150;114;    
13.637;    ;0;318;62;-1;98;50;1;364;172;11;98;48;    ;0;368;71;1;500;159;    ;0;150;86;1;150;114;    
13.673;    ;0;318;62;-1;98;50;1;364;172;11;98;48;    ;0;368;71;1;500;159;    ;0;150;86;1;150;114;    
13.708;    ;0;318;62;-1;98;50;1;364;172;11;98;48;    ;0;367;74;1;500;162;    ;0;150;86;1;150;114;    
13.745;    ;0;318;62;-2;98;50;1;364;172;11;98;48;    ;0;367;74;1;500;162;    ;0;150;86;1;150;114;    
13.781;    ;0;318;62;-1;98;50;1;364;172;11;98;48;    ;0;366;71;1;500;159;    ;0;150;86;1;150;114;    
13.817;    ;0;318;62;-1;98;50;1;364;172;11;98;48;    ;0;366;74;1;500;161;    ;0;150;86;1;150;114;    
13.852;    ;0;318;62;-1;98;50;1;364;171;11;98;48;    ;0;365;71;1;500;159;    ;0;150;86;1;150;114;    
13.889;    ;0;318;62;-1;98;50;1;364;172;11;98;48;    ;0;365;71;1;500;159;    ;0;150;86;1;150;114;    
13.925;    ;0;318;62;-1;98;50;1;364;172;11;98;48;    ;0;364;71;1;500;159;    ;0;150;86;1;150;114;    
13.961;    ;0;318;62;-1;98;50;1;364;172;11;98;48;    ;0;364;71;1;500;159;    ;0;150;86;1;150;114;    
13.997;    ;0;318;62;-1;98;50;1;364;171;11;98;48;    ;0;363;71;1;500;159;    ;0;150;86;1;150;114;    
14.032;    ;0;318;62;-1;98;50;1;364;172;11;98;48;    ;0;363;71;1;500;159;    ;0;150;86;1;150;114;    
14.070;    ;0;318;62;-1;98;50;1;364;172;11;98;48;    ;0;362;74;1;500;162;    ;0;150;86;1;150;114;    
14.107;    ;0;318;62;-2;98;50;1;364;172;11;98;48;    ;0;362;74;1;500;162;    ;0;150;86;1;150;114;    
14.142;    ;0;318;62;-2;98;50;1;364;172;11;98;48;    ;0;361;71;1;500;159;    ;0;150;86;1;150;114;    
14.179;    ;0;318;62;-1;98;50;1;364;172;11;98;48;    ;0;361;74;1;500;162;    ;0;150;86;1;150;114;    
14.216;    ;0;318;62;-1;98;50;1;364;172;11;98;48;    ;0;360;74;1;500;162;    ;0;150;86;1;150;114;    
14.258;    ;0;318;62;-1;98;50;1;364;172;11;98;48;    ;0;360;74;1;500;162;    ;0;150;86;1;150;114;    
14.300;    ;0;318;62;0;98;50;1;364;172;11;98;48;    ;0;359;74;1;500;162;    ;0;150;86;1;150;114;    
14.342;    ;0;318;62;-1;98;50;1;364;172;9;97;48;    ;0;359;71;1;500;159;    ;0;150;87;1;150;114;    
14.379;    ;0;318;62;-1;98;50;1;364;172;11;98;48;    ;0;358;74;1;500;162;    ;0;150;86;1;150;112;    
14.415;    ;0;318;62;-2;98;50;1;364;172;11;98;48;    ;0;358;74;1;500;162;    ;0;150;86;1;150;114;    
14.451;    ;0;318;62;-1;98;50;1;364;172;11;98;48;    ;0;357;71;1;500;159;    ;0;150;86;1;150;114;    ;601;57;28
14.493;    ;0;318;62;-1;98;50;1;364;172;11;98;48;    ;0;358;159;1;500;246;    ;0;150;86;1;150;114;    ;601;57;28
14.525;    ;0;318;62;-1;98;50;1;364;172;11;98;48;    ;0;358;159;1;500;246;    ;0;150;97;1;150;125;    ;601;57;28
14.562;    ;0;318;62;-1;98;50;1;364;172;11;98;48;    ;0;359;159;1;500;246;    ;0;150;97;1;150;125;    ;601;57;28
14.605;    ;0;318;62;-1;98;50;1;364;172;11;98;48;    ;0;359;159;1;500;246;    ;0;150;97;1;150;125;    ;601;57;28
14.642;    ;0;318;62;-2;98;50;1;364;172;11;98;48;    ;0;360;159;1;500;249;    ;0;150;97;1;150;125;    ;601;57;28
14.679;    ;0;318;62;-1;98;50;1;364;172;11;98;48;    ;0;360;162;1;500;246;    ;0;150;96;1;150;125;    ;601;57;28
14.716;    ;0;318;62;0;98;50;1;364;172;11;98;48;    ;0;361;161;1;500;246;    ;0;150;98;1;150;125;    ;601;57;28
14.753;    ;0;318;62;-2;98;50;1;364;172;11;98;48;    ;0;361;161;1;500;246;    ;0;150;98;1;150;125;    ;601;60;28
14.791;    ;0;318;62;-1;98;50;1;364;172;11;98;48;    ;0;362;159;1;500;246;    ;0;150;96;1;150;125;    ;601;57;28
14.829;    ;0;318;62;-1;98;50;1;364;172;11;98;48;    ;0;362;159;1;500;246;    ;0;150;97;1;150;125;    ;601;57;28
14.866;    ;0;318;62;-2;98;50;1;364;172;11;98;48;    ;0;363;162;1;500;246;    ;0;150;97;1;150;125;    ;601;57;28
14.903;    ;0;318;62;-1;98;50;1;364;171;11;98;48;    ;0;363;162;1;500;246;    ;0;150;97;1;150;125;    ;601;57;28
14.940;    ;0;318;62;-1;98;50;1;364;172;11;98;48;    ;0;364;159;1;500;246;    ;0;150;98;1;150;125;    ;601;57;28
14.976;    ;0;318;62;-1;98;50;1;364;172;11;98;48;    ;0;364;158;1;500;248;    ;0;150;97;1;150;125;    ;601;57;28
15.012;    ;0;318;62;-1;98;50;1;364;172;11;98;48;    ;0;365;159;1;500;246;    ;0;150;97;1;150;125;    ;601;57;28
15.047;    ;0;318;62;-1;98;50;1;364;172;11;98;48;    ;0;365;162;1;500;246;    ;0;150;97;1;150;125;    ;601;57;28
15.084;    ;0;318;62;-1;98;50;1;364;172;11;98;48;    ;0;366;162;1;500;246;    ;0;150;98;1;150;125;    ;601;57;28
15.120;    ;0;318;62;-1;98;50;1;364;172;11;98;48;    ;0;366;159;1;500;246;    ;0;150;98;1;150;125;    ;601;57;28
15.157;    ;0;318;62;-1;98;50;1;364;172;11;98;48;    ;0;367;159;1;500;246;    ;0;150;97;1;150;125;    ;601;57;28
15.193;    ;0;318;62;0;98;50;1;364;172;11;98;48;    ;0;367;159;1;500;246;    ;0;150;97;1;150;125;    ;601;57;28
15.229;    ;0;318;62;-2;98;50;1;364;172;11;98;48;    ;0;368;159;1;500;249;    ;0;150;98;1;150;125;    ;601;60;28
15.265;    ;0;318;62;-2;98;50;1;364;172;11;98;48;    ;0;368;159;1;500;246;    ;0;150;96;1;150;125;    ;601;57;28
15.302;    ;0;318;62;-2;98;50;1;364;172;11;98;48;    ;0;369;162;1;500;246;    ;0;150;96;1;150;125;    ;601;57;28
15.338;    ;0;318;62;-1;98;50;1;364;172;11;98;48;    ;0;369;161;1;500;246;    ;0;150;97;1;150;125;    ;601;57;28
15.375;    ;0;318;62;-1;98;50;1;364;172;11;98;48;    ;0;370;159;1;500;246;    ;0;150;97;1;150;125;    ;601;57;28
15.411;    ;0;318;62;-1;98;50;1;364;172;11;98;48;    ;0;370;159;1;500;246;    ;0;150;97;1;150;125;    ;601;57;28
15.449;    ;0;318;62;-1;98;50;1;364;172;11;98;48;    ;0;371;162;1;500;249;    ;0;150;97;1;150;125;    ;601;57;28
15.485;    ;0;318;62;-2;98;50;1;364;172;11;98;48;    ;0;371;159;1;500;246;    ;0;150;98;1;150;125;    ;601;57;28
15.524;    ;0;318;62;-1;98;50;1;364;172;11;98;48;    ;0;372;159;1;500;246;    ;0;150;96;1;150;125;    ;601;57;28
15.562;    ;0;318;62;-1;98;50;1;364;172;11;98;48;    ;0;372;159;1;500;249;    ;0;150;97;1;150;125;    ;601;57;28
15.598;    ;0;318;62;-1;98;50;1;364;172;11;98;48;    ;0;373;159;1;500;249;    ;0;150;97;1;150;125;    ;601;57;28
15.634;    ;0;318;62;-1;98;50;1;364;172;11;98;48;    ;0;373;162;1;500;246;    ;0;150;97;1;150;125;    ;601;57;28
15.669;    ;0;318;62;-1;98;50;1;364;172;11;98;48;    ;0;374;161;1;500;245;    ;0;150;98;1;150;125;    ;601;57;28
15.706;    ;0;318;62;-1;98;50;1;364;172;11;98;48;    ;0;374;159;1;500;246;    ;0;150;97;1;150;125;    ;601;57;28
15.741;    ;0;318;62;-1;98;50;1;364;172;11;98;48;    ;0;375;159;1;500;246;    ;0;150;97;1;150;125;    ;601;57;28
15.778;    ;0;318;62;-1;98;50;1;364;172;11;98;48;    ;0;375;159;1;500;246;    ;0;150;97;1;150;125;    ;601;57;28
15.816;    ;0;318;62;-2;98;50;1;364;172;11;98;48;    ;0;376;162;1;500;246;    ;0;150;97;1;150;125;    ;601;57;28
15.853;    ;0;318;62;-2;98;50;1;364;172;11;98;48;    ;0;376;159;1;500;246;    ;0;150;97;1;150;125;    ;601;57;28
15.890;    ;0;318;62;-2;98;50;1;364;172;11;98;48;    ;0;377;159;1;500;246;    ;0;150;96;1;150;125;    ;601;57;28
15.927;    ;0;318;62;-2;98;50;1;364;172;11;98;48;    ;0;377;159;1;500;246;    ;0;150;96;1;150;125;    ;601;57;28
15.963;    ;0;318;62;-1;98;50;1;364;172;11;98;48;    ;0;378;162;1;500;246;    ;0;150;96;1;150;125;    ;601;57;28
16.000;    ;0;318;62;-2;98;50;1;364;172;11;98;48;    ;0;378;159;1;500;246;    ;0;150;98;1;150;125;    ;601;57;28
16.037;    ;0;318;62;-1;98;50;1;364;172;11;98;48;    ;0;379;159;1;500;246;    ;0;150;96;1;150;125;    ;601;57;28
16.074;    ;0;318;62;-1;98;50;1;364;172;11;98;48;    ;0;379;159;1;500;246;    ;0;150;97;1;150;125;    ;601;57;28
16.109;    ;0;318;62;-1;98;50;1;364;172;11;98;48;    ;0;380;159;1;500;246;    ;0;150;97;1;150;125;    ;601;57;28
16.145;    ;0;318;62;-1;98;50;1;364;172;11;98;48;    ;0;380;162;1;500;249;    ;0;150;97;1;150;125;    ;601;57;28
16.182;    ;0;318;62;-2;98;50;1;364;172;11;98;48;    ;0;381;161;1;500;246;    ;0;150;98;1;150;125;    ;601;57;28
16.218;    ;0;318;62;-1;98;50;1;364;172;11;98;48;    ;0;381;162;1;500;246;    ;0;150;97;1;150;125;    ;601;57;28
16.256;    ;0;318;62;-1;98;50;1;364;172;11;98;48;    ;0;382;161;1;500;246;    ;0;150;98;1;150;125;    ;601;57;28
16.292;    ;0;318;62;-1;98;50;1;364;172;11;98;48;    ;0;382;159;1;500;246;    ;0;150;98;1;150;125;    ;601;57;28
16.329;    ;0;318;62;-1;98;50;1;364;172;11;98;48;    ;0;383;162;1;500;249;    ;0;150;97;1;150;125;    ;601;57;28
16.366;    ;0;318;62;-1;98;50;1;364;172;11;98;48;    ;0;383;159;1;500;246;    ;0;150;98;1;150;125;    ;601;57;28
16.403;    ;0;318;62;-1;98;50;1;364;172;11;98;48;    ;0;384;159;1;500;246;    ;0;150;97;1;150;125;    ;601;57;28
16.441;    ;0;318;62;0;98;50;1;364;172;11;98;48;    ;0;384;162;1;500;246;    ;0;150;97;1;150;125;    ;601;57;28
16.477;    ;0;318;62;-1;98;50;1;364;172;11;98;48;    ;0;385;162;1;500;246;    ;0;150;99;1;150;125;    ;601;60;28
16.514;    ;0;318;62;-2;98;50;1;364;172;11;98;48;    ;0;385;159;1;500;246;    ;0;150;98;1;150;125;    ;601;57;28
16.551;    ;0;318;62;-1;98;50;1;364;172;11;98;48;    ;0;386;162;1;500;246;    ;0;150;96;1;150;125;    ;601;57;28
16.593;    ;0;318;62;-1;98;50;1;364;172;11;98;48;    ;0;386;162;1;500;246;    ;0;150;98;1;150;125;    ;601;57;28
16.635;    ;0;318;62;-2;98;50;1;364;172;11;98;48;    ;0;387;162;1;500;246;    ;0;150;98;1;150;125;    ;601;57;28
16.676;    ;0;318;62;-1;98;50;1;364;172;11;98;48;    ;0;387;162;1;500;246;    ;0;150;97;1;150;125;    ;601;57;28
16.719;    ;0;318;62;-2;98;50;1;364;172;11;98;48;    ;0;388;162;1;500;246;    ;0;150;98;1;150;125;    ;601;57;28
16.761;    ;0;318;62;-1;98;50;1;364;172;11;98;48;    ;0;388;162;1;500;246;    ;0;150;97;1;150;125;    ;601;57;28
16.803;    ;0;318;62;-1;98;50;1;364;172;11;98;48;    ;0;389;159;1;500;246;    ;0;150;98;1;150;125;    ;601;57;28
16.845;    ;0;318;62;-1;98;50;1;364;172;11;98;48;    ;0;389;159;1;500;246;    ;0;150;97;1;150;125;    ;601;57;28
16.888;    ;0;318;62;-1;98;50;1;364;172;11;98;48;    ;0;390;161;1;500;246;    ;0;150;97;1;150;125;    ;601;57;28
16.931;    ;0;318;62;-1;98;50;1;364;172;11;98;48;    ;0;390;161;1;500;246;    ;0;150;98;1;150;125;    ;601;57;28
16.974;    ;0;318;62;-2;98;50;1;364;172;11;98;48;    ;0;391;159;1;500;249;    ;0;150;98;1;150;125;    ;601;57;28
17.016;    ;0;318;62;-2;98;50;1;364;172;11;98;48;    ;0;391;159;1;500;246;    ;0;150;96;1;150;125;    ;601;57;28
17.058;    ;0;318;62;-2;98;50;1;364;172;11;98;48;    ;0;392;162;1;500;246;    ;0;150;96;1;150;125;    ;601;57;28
17.100;    ;0;318;62;-2;98;50;1;364;172;11;98;48;    ;0;392;159;1;500;246;    ;0;150;97;1;150;125;    ;601;57;28
17.142;    ;0;318;62;-1;98;50;1;364;172;11;98;48;    ;0;393;162;1;500;246;    ;0;150;96;1;150;125;    ;601;57;28
17.184;    ;0;318;62;-1;98;50;1;364;172;11;98;48;    ;0;393;159;1;500;249;    ;0;150;98;1;150;125;    ;601;57;28
17.229;    ;0;318;62;-1;98;50;1;364;172;11;98;48;    ;0;394;159;1;500;246;    ;0;150;97;1;150;125;    ;601;57;28
17.273;    ;0;318;62;0;98;50;1;364;172;11;98;48;    ;0;394;159;1;500;249;    ;0;150;97;1;150;125;    ;601;57;28
17.315;    ;0;318;62;-1;98;50;1;364;172;11;98;48;    ;0;395;159;1;500;246;    ;0;150;98;1;150;125;    ;601;60;28
17.359;    ;0;318;62;-1;98;50;1;364;172;11;98;48;    ;0;395;159;1;500;246;    ;0;150;97;1;150;125;    ;601;57;28
17.402;    ;0;318;62;-1;98;50;1;364;172;11;98;48;    ;0;396;159;1;500;246;    ;0;150;97;1;150;125;    ;601;57;28
17.446;    ;0;318;62;-2;98;50;1;364;172;11;98;48;    ;0;396;162;1;500;246;    ;0;150;97;1;150;125;    ;601;57;28
17.490;    ;0;318;62;-1;98;50;1;364;172;11;98;48;    ;0;397;159;1;500;246;    ;0;150;97;1;150;125;    ;601;57;28
17.527;    ;0;318;62;-1;98;50;1;364;172;11;98;48;    ;0;397;159;1;500;246;    ;0;150;97;1;150;125;    ;601;57;28
17.564;    ;0;318;62;-1;98;50;1;364;172;11;98;48;    ;0;398;159;1;500;246;    ;0;150;97;1;150;125;    ;601;57;28
17.601;    ;0;318;62;-1;98;50;1;364;172;11;98;48;    ;0;398;159;1;500;246;    ;0;150;97;1;150;125;    ;601;57;28
17.637;    ;0;318;62;-2;98;50;1;364;172;11;98;48;    ;0;399;162;1;500;249;    ;0;150;97;1;150;125;    ;601;57;28
17.672;    ;0;318;62;-1;98;50;1;364;172;11;98;48;    ;0;399;162;1;500;249;    ;0;150;97;1;150;125;    ;601;57;28
17.707;    ;0;318;62;-1;98;50;1;364;172;11;98;48;    ;0;400;159;1;500;246;    ;0;150;98;1;150;125;    ;601;57;28
17.751;    ;0;318;62;-1;98;50;1;364;172;11;98;48;    ;0;400;159;1;500;246;    ;0;150;97;1;150;125;    ;601;57;28
17.788;    ;0;318;62;-2;98;50;1;364;172;11;98;48;    ;0;401;159;1;500;246;    ;0;150;97;1;150;125;    ;601;57;28
17.831;    ;0;318;62;-1;98;50;1;364;172;11;98;48;    ;0;401;159;1;500;246;    ;0;150;96;1;150;125;    ;601;57;28
17.868;    ;0;318;62;-1;98;50;1;364;172;11;98;48;    ;0;402;159;1;500;246;    ;0;150;97;1;150;125;    ;601;57;28
17.911;    ;0;318;62;-1;98;50;1;364;172;11;98;48;    ;0;402;162;1;500;249;    ;0;150;97;1;150;125;    ;601;57;28
17.953;    ;0;318;62;-1;98;50;1;364;172;11;98;48;    ;0;403;159;1;500;246;    ;0;150;98;1;150;125;    ;601;57;28
17.995;    ;0;318;62;-1;98;50;1;364;172;11;98;48;    ;0;403;159;1;500;246;    ;0;150;97;1;150;125;    ;601;57;28
18.034;    ;0;318;62;-1;98;50;1;364;172;11;98;48;    ;0;404;159;1;500;246;    ;0;150;97;1;150;125;    ;601;57;28
18.077;    ;0;318;62;-1;98;50;1;364;172;11;98;48;    ;0;404;159;1;500;246;    ;0;150;97;1;150;125;    ;601;57;28
18.121;    ;0;318;62;-1;98;50;1;364;172;11;98;48;    ;0;405;159;1;500;246;    ;0;150;97;1;150;125;    ;601;57;28
18.163;    ;0;318;62;-1;98;50;1;364;172;11;98;48;    ;0;405;159;1;500;246;    ;0;150;97;1;150;125;    ;601;57;28
18.206;    ;0;318;62;-1;98;50;1;364;172;11;98;48;    ;0;406;162;1;500;246;    ;0;150;97;1;150;125;    ;601;57;28
18.248;    ;0;318;62;0;98;50;1;364;172;11;98;48;    ;0;406;159;1;500;246;    ;0;150;98;1;150;125;    ;601;57;28
18.291;    ;0;318;62;-2;98;50;1;364;172;11;98;48;    ;0;407;162;1;500;246;    ;0;150;98;1;150;125;    ;601;60;28
18.331;    ;0;318;62;-1;98;50;1;364;172;11;98;48;    ;0;407;159;1;500;246;    ;0;150;97;1;150;125;    ;601;57;28
18.369;    ;0;318;62;-1;98;50;1;364;172;11;98;48;    ;0;408;162;1;500;249;    ;0;150;97;1;150;125;    ;601;57;28
18.406;    ;0;318;62;-1;98;50;1;364;172;11;98;48;    ;0;408;159;1;500;249;    ;0;150;98;1;150;125;    ;601;57;28
18.444;    ;0;318;62;-1;98;50;1;364;172;11;98;48;    ;0;409;162;1;500;246;    ;0;150;97;1;150;125;    ;601;57;28
18.481;    ;0;318;62;-1;98;50;1;364;172;11;98;48;    ;0;409;162;1;500;246;    ;0;150;98;1;150;125;    ;601;57;28
18.517;    ;0;318;62;-1;98;50;1;364;172;11;98;48;    ;0;410;159;1;500;246;    ;0;150;98;1;150;125;    ;601;57;28
18.553;    ;0;318;62;-2;98;50;1;364;172;11;98;48;    ;0;410;162;1;500;246;    ;0;150;97;1;150;125;    ;601;57;28
18.590;    ;0;318;62;-2;98;50;1;364;172;11;98;48;    ;0;411;159;1;500;246;    ;0;150;97;1;150;125;    ;601;57;28
18.628;    ;0;318;62;-1;98;50;1;364;172;11;98;48;    ;0;411;159;1;500;246;    ;0;150;96;1;150;125;    ;601;57;28
18.665;    ;0;318;62;-1;98;50;1;364;172;11;98;48;    ;0;412;161;1;500;246;    ;0;150;97;1;150;125;    ;601;57;28
18.702;    ;0;318;62;-1;98;50;1;364;172;11;98;48;    ;0;412;159;1;500;246;    ;0;150;98;1;150;125;    ;601;57;28
18.738;    ;0;318;62;-1;98;50;1;364;172;11;98;48;    ;0;413;162;1;500;249;    ;0;150;97;1;150;125;    ;601;57;28
18.776;    ;0;318;62;-1;98;50;1;364;172;11;98;48;    ;0;413;159;1;500;246;    ;0;150;98;1;150;125;    ;601;57;28
18.815;    ;0;318;62;-1;98;50;1;364;172;11;98;48;    ;0;414;159;1;500;246;    ;0;150;97;1;150;125;    ;601;57;28
18.854;    ;0;318;62;-1;98;50;1;364;172;11;98;48;    ;0;414;158;1;500;245;    ;0;150;97;1;150;125;    ;601;57;28
18.893;    ;0;318;62;-1;98;50;1;364;172;11;98;48;    ;0;415;162;1;500;246;    ;0;150;97;1;150;125;    ;601;57;28
18.932;    ;0;318;62;-1;98;50;1;364;172;11;98;48;    ;0;415;162;1;500;249;    ;0;150;98;1;150;125;    ;601;57;28
18.970;    ;0;318;62;-2;98;50;1;364;172;11;98;48;    ;0;416;159;1;500;249;    ;0;150;98;1;150;125;    ;601;57;28
19.008;    ;0;318;62;-2;98;50;1;364;172;11;98;48;    ;0;416;159;1;500;246;    ;0;150;96;1;150;125;    ;601;57;28
19.046;    ;0;318;62;-2;98;50;1;364;172;11;98;48;    ;0;417;162;1;500;246;    ;0;150;97;1;150;125;    ;601;57;28
19.084;    ;0;318;62;-1;98;50;1;364;172;11;98;48;    ;0;417;159;1;500;246;    ;0;150;97;1;150;125;    ;601;57;28
19.121;    ;0;318;62;0;98;50;1;364;172;11;98;48;    ;0;418;159;1;500;246;    ;0;150;98;1;150;125;    ;601;57;28
19.158;    ;0;318;62;-1;98;50;1;364;172;11;98;48;    ;0;418;159;1;500;246;    ;0;150;99;1;150;125;    ;601;60;28
19.195;    ;0;318;62;-2;98;50;1;364;172;11;98;48;    ;0;419;159;1;500;246;    ;0;150;98;1;150;125;    ;601;57;28
19.233;    ;0;318;62;-2;98;50;1;364;172;11;98;48;    ;0;419;162;1;500;246;    ;0;150;97;1;150;125;    ;601;57;28
19.270;    ;0;318;62;-2;98;50;1;364;172;11;98;48;    ;0;420;159;1;500;246;    ;0;150;97;1;150;125;    ;601;57;28
19.307;    ;0;318;62;-1;98;50;1;364;172;11;98;48;    ;0;420;159;1;500;246;    ;0;150;97;1;150;125;    ;601;57;28
19.343;    ;0;318;62;-1;98;50;1;364;172;11;98;48;    ;0;421;158;1;500;245;    ;0;150;98;1;150;125;    ;601;57;28
19.381;    ;0;318;62;-1;98;50;1;364;172;11;98;48;    ;0;421;162;1;500;249;    ;0;150;97;1;150;125;    ;601;57;28
19.418;    ;0;318;62;-2;98;50;1;364;172;11;98;48;    ;0;422;159;1;500;246;    ;0;150;98;1;150;125;    ;601;57;28
19.456;    ;0;318;62;-1;98;50;1;364;172;11;98;48;    ;0;422;159;1;500;246;    ;0;150;97;1;150;125;    ;601;57;28
19.492;    ;0;318;62;-1;98;50;1;364;172;11;98;48;    ;0;423;159;1;500;246;    ;0;150;98;1;150;125;    ;601;57;28
19.529;    ;0;318;62;-1;98;50;1;364;172;11;98;48;    ;0;423;162;1;500;249;    ;0;150;98;1;150;125;    ;601;57;28
19.566;    ;0;318;62;-1;98;50;1;364;172;11;98;48;    ;0;424;162;1;500;246;    ;0;150;98;1;150;125;    ;601;57;28
19.603;    ;0;318;62;-1;98;50;1;364;172;11;98;48;    ;0;424;159;1;500;246;    ;0;150;98;1;150;125;    ;601;57;28
19.641;    ;0;318;62;0;98;50;1;364;172;11;98;48;    ;0;425;159;1;500;246;    ;0;150;98;1;150;125;    ;601;57;28
19.678;    ;0;318;62;-1;98;50;1;364;172;11;98;48;    ;0;425;159;1;500;246;    ;0;150;99;1;150;125;    ;601;60;28
19.715;    ;0;318;62;-1;98;50;1;364;172;11;98;48;    ;0;426;162;1;500;246;    ;0;150;98;1;150;125;    ;601;57;28
19.753;    ;0;318;62;-2;98;50;1;364;172;11;98;48;    ;0;426;159;1;500;246;    ;0;150;98;1;150;125;    ;601;57;28
19.791;    ;0;318;62;-2;98;50;1;364;172;11;98;48;    ;0;427;159;1;500;246;    ;0;150;97;1;150;125;    
19.829;    ;0;318;62;-1;98;50;1;364;172;11;98;48;    ;0;427;159;1;500;246;    ;0;150;97;1;150;125;    
19.867;    ;0;318;62;-1;98;50;1;364;172;11;98;48;    ;0;428;162;1;500;246;    ;0;150;98;1;150;125;    
19.904;    ;0;318;62;-1;98;50;1;364;172;11;98;48;    ;0;428;159;1;500;246;    ;0;150;98;1;150;125;    
19.941;    ;0;318;62;-2;98;50;1;364;172;11;98;48;    ;0;429;159;1;500;246;    ;0;150;98;1;150;125;    
19.978;    ;0;318;62;-1;98;50;1;364;172;11;98;48;    ;0;429;162;1;500;249;    ;0;150;97;1;150;125;    
20.015;    ;0;318;62;-2;98;50;1;364;172;11;98;48;    ;0;430;162;1;500;246;    ;0;150;98;1;150;125;    
20.057;    ;0;318;62;0;98;50;1;364;172;11;98;48;    ;0;430;159;1;500;246;    ;0;150;97;1;150;125;    
20.095;    ;0;318;62;-1;98;50;1;364;172;11;98;48;    ;0;431;161;1;500;246;    ;0;150;99;1;150;125;    
20.133;    ;0;318;62;0;98;50;1;364;172;11;98;48;    ;0;431;161;1;500;246;    ;0;150;98;1;150;125;    
20.171;    ;0;318;62;-1;98;50;1;364;172;11;98;48;    ;0;432;159;1;500;246;    ;0;150;99;1;150;125;    
20.208;    ;0;318;62;-1;98;50;1;364;172;11;98;48;    ;0;432;159;1;500;246;    ;0;150;98;1;150;125;    
20.245;    ;0;318;62;-1;98;50;1;364;172;11;98;48;    ;0;433;163;1;500;246;    ;0;150;98;1;150;125;    
20.283;    ;0;318;62;-1;98;50;1;364;172;11;98;48;    ;0;433;162;1;500;249;    ;0;150;98;1;150;125;    
20.320;    ;0;318;62;-1;98;50;1;364;172;11;98;48;    ;0;434;159;1;500;246;    ;0;150;98;1;150;125;    ;541;116;28
20.358;    ;0;318;62;-1;98;50;1;364;172;11;98;48;    ;0;434;246;1;500;246;    ;0;150;98;1;150;125;    ;542;120;28
20.397;    ;0;318;62;-1;98;50;1;364;172;11;98;48;    ;0;434;333;1;500;246;    ;0;150;106;1;150;125;    ;541;121;27
20.435;    ;0;318;62;-2;98;50;1;364;172;11;98;48;    ;0;434;332;1;500;246;    ;0;150;106;1;150;125;    ;541;123;28;601;57;28
20.473;    ;0;318;62;0;98;50;1;364;172;11;98;48;    ;0;434;333;1;500;246;    ;0;150;106;1;150;125;    ;540;123;28;601;57;28
20.511;    ;0;318;62;-2;98;50;1;364;172;11;98;48;    ;0;434;333;1;500;246;    ;0;150;106;1;150;125;    ;540;123;28;601;60;28
20.549;    ;0;318;62;-2;98;50;1;364;172;11;98;48;    ;0;434;332;1;500;246;    ;0;150;106;1;150;125;    ;539;123;27;601;57;28
20.587;    ;0;318;62;-1;98;50;1;364;172;11;98;48;    ;0;434;332;1;500;246;    ;0;150;106;1;150;125;    ;540;123;28;601;57;28
20.626;    ;0;318;62;-2;98;50;1;364;172;11;98;48;    ;0;434;335;1;500;249;    ;0;150;106;1;150;125;    ;539;123;27;601;57;28
20.664;    ;0;318;62;-1;98;50;1;364;172;11;98;48;    ;0;434;333;1;500;246;    ;0;150;106;1;150;125;    ;540;123;28;601;57;28
20.702;    ;0;318;62;-1;98;50;1;364;172;11;98;48;    ;0;434;333;1;500;246;    ;0;150;106;1;150;125;    ;539;123;27;601;57;28
20.739;    ;0;318;62;-1;98;50;1;364;172;11;98;48;    ;0;434;333;1;500;246;    ;0;150;106;1;150;125;    ;539;123;27;601;57;28
20.777;    ;0;318;62;-1;98;50;1;364;172;11;98;48;    ;0;434;332;1;500;246;    ;0;150;106;1;150;125;    ;539;123;27;601;57;28
20.814;    ;0;318;62;-2;98;50;1;364;172;11;98;48;    ;0;434;332;1;500;246;    ;0;150;106;1;150;125;    ;540;123;28;601;57;28
20.851;    ;0;318;62;-1;98;50;1;364;172;11;98;48;    ;0;434;332;1;500;246;    ;0;150;106;1;150;125;    ;539;123;27;601;57;28
20.888;    ;0;318;62;-1;98;50;1;364;172;11;98;48;    ;0;434;333;1;500;246;    ;0;150;106;1;150;125;    ;539;123;27;601;57;28
20.925;    ;0;318;62;-2;98;50;1;364;172;11;98;48;    ;0;434;333;1;500;246;    ;0;150;106;1;150;125;    ;539;123;27;601;57;28
20.964;    ;0;318;62;-1;98;50;1;364;172;11;98;48;    ;0;434;333;1;500;246;    ;0;150;106;1;150;125;    ;539;123;27;601;57;28
21.001;    ;0;318;62;-1;98;50;1;364;172;11;98;48;    ;0;434;333;1;500;246;    ;0;150;106;1;150;125;    ;539;123;27;601;57;28
21.039;    ;0;318;62;-2;98;50;1;364;172;11;98;48;    ;0;434;333;1;500;246;    ;0;150;106;1;150;125;    ;540;123;28;601;57;28
21.077;    ;0;318;62;-1;98;50;1;364;172;11;98;48;    ;0;434;334;1;500;246;    ;0;150;106;1;150;125;    ;539;123;27;601;57;28
21.114;    ;0;318;62;-1;98;50;1;364;172;11;98;48;    ;0;434;333;1;500;246;    ;0;150;106;1;150;125;    ;539;123;27;601;57;28
21.151;    ;0;318;62;-2;98;50;1;364;172;11;98;48;    ;0;434;333;1;500;246;    ;0;150;106;1;150;125;    ;539;123;28;601;57;28
21.188;    ;0;318;62;-1;98;50;1;364;172;11;98;48;    ;0;434;334;1;500;246;    ;0;150;106;1;150;125;    ;540;123;28;601;57;28
21.225;    ;0;318;62;-1;98;50;1;364;172;11;98;48;    ;0;434;337;1;500;249;    ;0;150;106;1;150;125;    ;539;123;27;601;57;28
21.262;    ;0;318;62;-1;98;50;1;364;172;11;98;48;    ;0;434;333;1;500;246;    ;0;150;106;1;150;125;    ;540;123;28;601;57;28
21.300;    ;0;318;62;-1;98;50;1;364;172;11;98;48;    ;0;434;334;1;500;246;    ;0;150;106;1;150;125;    ;539;123;27;601;57;28
21.338;    ;0;318;62;-2;98;50;1;364;172;11;98;48;    ;0;434;332;1;500;246;    ;0;150;106;1;150;125;    ;539;123;27;601;57;28
21.380;    ;0;318;62;-1;98;50;1;364;172;11;98;48;    ;0;434;333;1;500;246;    ;0;150;106;1;150;125;    ;540;123;28;601;57;28
21.421;    ;0;318;62;0;98;50;1;364;172;11;98;48;    ;0;434;332;1;500;246;    ;0;150;106;1;150;125;    ;539;123;27;601;57;28
21.460;    ;0;318;62;-2;98;50;1;364;172;11;98;48;    ;0;434;332;1;500;246;    ;0;150;106;1;150;125;    ;539;123;28;601;60;28
21.499;    ;0;318;62;-2;98;50;1;364;172;11;98;48;    ;0;434;333;1;500;246;    ;0;150;106;1;150;125;    ;540;123;28;601;57;28
21.537;    ;0;318;62;-1;98;50;1;364;172;11;98;48;    ;0;434;332;1;500;246;    ;0;150;106;1;150;125;    ;539;123;27;601;57;28
21.574;    ;0;318;62;-1;98;50;1;364;172;11;98;48;    ;0;434;332;1;500;246;    ;0;150;106;1;150;125;    ;540;123;28;601;57;28
21.612;    ;0;318;62;-2;98;50;1;364;172;11;98;48;    ;0;434;333;1;500;246;    ;0;150;106;1;150;125;    ;539;123;27;601;57;28
21.653;    ;0;318;62;-1;98;50;1;364;172;11;98;48;    ;0;434;335;1;500;249;    ;0;150;106;1;150;125;    ;539;123;27;601;57;28
21.696;    ;0;318;62;-1;98;50;1;364;172;11;98;48;    ;0;434;335;1;500;249;    ;0;150;106;1;150;125;    ;540;123;28;601;57;28
21.736;    ;0;318;62;-2;98;50;1;364;172;11;98;48;    ;0;434;332;1;500;246;    ;0;150;106;1;150;125;    ;539;123;27;601;57;28
21.774;    ;0;318;62;-2;98;50;1;364;172;11;98;48;    ;0;434;332;1;500;246;    ;0;150;106;1;150;125;    ;539;123;27;601;57;28
21.816;    ;0;318;62;-1;98;50;1;364;172;11;98;48;    ;0;434;334;1;500;246;    ;0;150;106;1;150;125;    ;540;123;28;601;57;28
21.854;    ;0;318;62;-1;98;50;1;364;172;11;98;48;    ;0;434;332;1;500;246;    ;0;150;106;1;150;125;    ;539;123;27;601;57;28
21.893;    ;0;318;62;-1;98;50;1;364;172;11;98;48;    ;0;434;333;1;500;246;    ;0;150;106;1;150;125;    ;540;123;28;601;57;28
21.931;    ;0;318;62;-1;98;50;1;364;172;11;98;48;    ;0;434;334;1;500;246;    ;0;150;106;1;150;125;    ;540;123;28;601;57;28
21.969;    ;0;318;62;-1;98;50;1;364;172;11;98;48;    ;0;434;333;1;500;246;    ;0;150;106;1;150;125;    ;539;123;28;601;57;28
22.006;    ;0;318;62;-1;98;50;1;364;172;11;98;48;    ;0;434;333;1;500;246;    ;0;150;106;1;150;125;    ;539;123;27;601;57;28
22.044;    ;0;318;62;-1;98;50;1;364;172;11;98;48;    ;0;434;333;1;500;246;    ;0;150;106;1;150;125;    ;540;123;28;601;57;28
22.081;    ;0;318;62;-2;98;50;1;364;172;11;98;48;    ;0;434;336;1;500;249;    ;0;150;106;1;150;125;    ;540;123;28;601;57;28
22.119;    ;0;318;62;-1;98;50;1;364;172;11;98;48;    ;0;434;336;1;500;249;    ;0;150;106;1;150;125;    ;539;123;27;601;57;28
22.155;    ;0;318;62;-2;98;50;1;364;172;11;98;48;    ;0;434;333;1;500;246;    ;0;150;106;1;150;125;    ;539;123;27;601;57;28
22.192;    ;0;318;62;-2;98;50;1;364;172;11;98;48;    ;0;434;333;1;500;246;    ;0;150;106;1;150;125;    ;539;123;27;601;57;28
22.230;    ;0;318;62;-1;98;50;1;364;172;11;98;48;    ;0;434;332;1;500;246;    ;0;150;106;1;150;125;    ;539;123;28;601;57;28
22.268;    ;0;318;62;-2;98;50;1;364;172;11;98;48;    ;0;434;333;1;500;246;    ;0;150;106;1;150;125;    ;539;123;28;601;57;28
22.308;    ;0;318;62;-2;98;50;1;364;172;11;98;48;    ;0;434;333;1;500;246;    ;0;150;106;1;150;125;    ;540;123;28;601;57;28
22.345;    ;0;318;62;-2;98;50;1;364;172;11;98;48;    ;0;434;337;1;500;249;    ;0;150;106;1;150;125;    ;539;123;28;601;57;28
22.383;    ;0;318;62;-2;98;50;1;364;172;11;98;48;    ;0;434;333;1;500;246;    ;0;150;106;1;150;125;    ;539;123;27;601;57;28
22.420;    ;0;318;62;-2;98;50;1;364;172;11;98;48;    ;0;434;333;1;500;246;    ;0;150;106;1;150;125;    ;539;123;27;601;57;28
22.458;    ;0;318;62;-1;98;50;1;364;172;11;98;48;    ;0;434;333;1;500;246;    ;0;150;106;1;150;125;    ;539;123;27;601;57;28
22.497;    ;0;318;62;-2;98;50;1;364;172;11;98;48;    ;0;434;333;1;500;246;    ;0;150;106;1;150;125;    ;540;123;28;601;57;28
22.535;    ;0;318;62;-1;98;50;1;364;172;11;98;48;    ;0;434;333;1;500;246;    ;0;150;106;1;150;125;    ;539;123;27;601;57;28
22.572;    ;0;318;62;-2;98;50;1;364;172;11;98;48;    ;0;434;332;1;500;246;    ;0;150;106;1;150;125;    ;540;123;28;601;57;28
22.610;    ;0;318;62;-1;98;50;1;364;172;11;98;48;    ;0;434;333;1;500;246;    ;0;150;106;1;150;125;    ;539;123;28;601;57;28
22.647;    ;0;318;62;-1;98;50;1;364;172;11;98;48;    ;0;434;332;1;500;246;    ;0;150;106;1;150;125;    ;539;123;27;601;57;28
22.690;    ;0;318;62;-2;98;50;1;364;172;11;98;48;    ;0;434;332;1;500;246;    ;0;150;106;1;150;125;    ;539;123;28;601;57;28
22.731;    ;0;318;62;-1;98;50;1;364;172;11;98;48;    ;0;434;333;1;500;246;    ;0;150;106;1;150;125;    ;539;123;27;601;57;28
22.772;    ;0;318;62;-1;98;50;1;364;172;11;98;48;    ;0;434;333;1;500;246;    ;0;150;106;1;150;125;    ;540;123;28;601;57;28
22.819;    ;0;318;62;0;98;50;1;364;172;11;98;48;    ;0;434;333;1;500;246;    ;0;150;106;1;150;125;    ;539;123;28;601;57;28
22.864;    ;0;318;62;-2;98;50;1;364;172;11;98;48;    ;0;434;333;1;500;246;    ;0;150;106;1;150;125;    ;539;123;27;601;60;28
22.907;    ;0;318;62;-1;98;50;1;364;172;11;98;48;    ;0;434;333;1;500;246;    ;0;150;106;1;150;125;    ;539;123;27;601;57;28
22.950;    ;0;318;62;-2;98;50;1;364;172;11;98;48;    ;0;434;333;1;500;246;    ;0;150;106;1;150;125;    ;539;123;27;601;57;28
22.994;    ;0;318;62;-1;98;50;1;364;172;11;98;48;    ;0;434;333;1;500;246;    ;0;150;106;1;150;125;    ;539;123;28;601;57;28
23.038;    ;0;318;62;-1;98;50;1;364;172;11;98;48;    ;0;434;333;1;500;246;    ;0;150;106;1;150;125;    ;539;123;27;601;57;28
23.080;    ;0;318;62;-2;98;50;1;364;172;11;98;48;    ;0;434;333;1;500;246;    ;0;150;106;1;150;125;    ;540;123;28;601;57;28
23.124;    ;0;318;62;-1;98;50;1;364;172;11;98;48;    ;0;434;333;1;500;246;    ;0;150;106;1;150;125;    ;540;123;28;601;57;28
23.169;    ;0;318;62;-2;98;50;1;364;172;11;98;48;    ;0;434;335;1;500;249;    ;0;150;106;1;150;125;    ;539;123;27;601;57;28
23.207;    ;0;318;62;-1;98;50;1;364;172;11;98;48;    ;0;434;335;1;500;249;    ;0;150;106;1;150;125;    ;539;123;27;601;57;28
23.244;    ;0;318;62;-1;98;50;1;364;172;11;98;48;    ;0;434;333;1;500;246;    ;0;150;106;1;150;125;    ;540;123;28;601;57;28
23.281;    ;0;318;62;-1;98;50;1;364;172;11;98;48;    ;0;434;333;1;500;246;    ;0;150;106;1;150;125;    ;540;123;28;601;57;28
23.319;    ;0;318;62;-1;98;50;1;364;172;11;98;48;    ;0;434;332;1;500;246;    ;0;150;106;1;150;125;    ;539;123;27;601;57;28
23.357;    ;0;318;62;-1;98;50;1;364;172;11;98;48;    ;0;434;332;1;500;246;    ;0;150;106;1;150;125;    ;540;123;28;601;57;28
23.395;    ;0;318;62;-2;98;50;1;364;172;11;98;48;    ;0;434;332;1;500;246;    ;0;150;106;1;150;125;    ;540;123;28;601;57;28
23.432;    ;0;318;62;-2;98;50;1;364;172;11;98;48;    ;0;434;333;1;500;246;    ;0;150;106;1;150;125;    ;540;123;28;601;57;28
23.469;    ;0;318;62;-2;98;50;1;364;172;11;98;48;    ;0;434;333;1;500;246;    ;0;150;106;1;150;125;    ;539;123;27;601;57;28
23.506;    ;0;318;62;-1;98;50;1;364;172;11;98;48;    ;0;434;336;1;500;249;    ;0;150;106;1;150;125;    ;539;123;27;601;57;28
23.544;    ;0;318;62;-1;98;50;1;364;172;11;98;48;    ;0;434;333;1;500;246;    ;0;150;106;1;150;125;    ;539;123;28;601;57;28
23.583;    ;0;318;62;-2;98;50;1;364;172;11;98;48;    ;0;434;334;1;500;246;    ;0;150;106;1;150;125;    ;540;123;28;601;57;28
23.620;    ;0;318;62;-1;98;50;1;364;172;11;98;48;    ;0;434;333;1;500;246;    ;0;150;106;1;150;125;    ;539;123;27;601;57;28
23.658;    ;0;318;62;-1;98;50;1;364;172;11;98;48;    ;0;434;333;1;500;246;    ;0;150;106;1;150;125;    ;540;123;28;601;57;28
23.695;    ;0;318;62;-1;98;50;1;364;172;11;98;48;    ;0;434;336;1;500;249;    ;0;150;106;1;150;125;    ;540;123;28;601;57;28
23.733;    ;0;318;62;-2;98;50;1;364;172;11;98;48;    ;0;434;333;1;500;246;    ;0;150;106;1;150;125;    ;540;123;28;601;57;28
23.771;    ;0;318;62;-2;98;50;1;364;172;11;98;48;    ;0;434;334;1;500;246;    ;0;150;106;1;150;125;    ;539;123;27;601;57;28
23.808;    ;0;318;62;-1;98;50;1;364;172;11;98;48;    ;0;434;332;1;500;245;    ;0;150;106;1;150;125;    ;539;123;28;601;57;28
23.847;    ;0;318;62;0;98;50;1;364;172;11;98;48;    ;0;434;333;1;500;246;    ;0;150;106;1;150;125;    ;540;123;28;601;57;28
23.884;    ;0;318;62;-2;98;50;1;364;172;11;98;48;    ;0;434;332;1;500;246;    ;0;150;106;1;150;125;    ;540;123;28;601;60;28
23.923;    ;0;318;62;-1;98;50;1;364;172;11;98;48;    ;0;434;333;1;500;246;    ;0;150;106;1;150;125;    ;540;123;28;601;57;28
23.961;    ;0;318;62;-1;98;50;1;364;172;11;98;48;    ;0;434;333;1;500;246;    ;0;150;106;1;150;125;    ;539;123;28;601;57;28
23.998;    ;0;318;62;-1;98;50;1;364;172;11;98;48;    ;0;434;333;1;500;246;    ;0;150;106;1;150;125;    ;539;123;28;601;57;28
24.041;    ;0;318;62;-1;98;50;1;364;172;11;98;48;    ;0;434;333;1;500;246;    ;0;150;106;1;150;125;    ;539;123;27;601;57;28
24.083;    ;0;318;62;-1;98;50;1;364;172;11;98;48;    ;0;434;333;1;500;246;    ;0;150;106;1;150;125;    ;539;123;27;601;57;28
24.125;    ;0;318;62;-1;98;50;1;364;172;11;98;48;    ;0;434;333;1;500;246;    ;0;150;106;1;150;125;    ;540;123;28;601;57;28
24.167;    ;0;318;62;-2;98;50;1;364;172;11;98;48;    ;0;434;332;1;500;246;    ;0;150;106;1;150;125;    ;539;123;27;601;57;28
24.209;    ;0;318;62;-2;98;50;1;364;172;11;98;48;    ;0;434;333;1;500;246;    ;0;150;106;1;150;125;    ;540;123;28;601;57;28
24.252;    ;0;318;62;-1;98;50;1;364;172;11;98;48;    ;0;434;333;1;500;246;    ;0;150;106;1;150;125;    ;540;123;28;601;57;28
24.295;    ;0;318;62;-1;98;50;1;364;172;11;98;48;    ;0;434;332;1;500;246;    ;0;150;106;1;150;125;    ;539;123;27;601;57;28
24.338;    ;0;318;62;-1;98;50;1;364;172;11;98;48;    ;0;434;333;1;500;246;    ;0;150;106;1;150;125;    ;540;123;28;601;57;28
24.381;    ;0;318;62;-1;98;50;1;364;172;11;98;48;    ;0;434;334;1;500;246;    ;0;150;106;1;150;125;    ;539;123;27;601;57;28
24.424;    ;0;318;62;-1;98;50;1;364;172;11;98;48;    ;0;434;333;1;500;246;    ;0;150;106;1;150;125;    ;539;123;27;601;57;28
24.469;    ;0;318;62;-1;98;50;1;364;172;11;98;48;    ;0;434;332;1;500;246;    ;0;150;106;1;150;125;    ;539;123;27;601;57;28
24.505;    ;0;318;62;-1;98;50;1;364;172;11;98;48;    ;0;434;332;1;500;246;    ;0;150;106;1;150;125;    ;539;123;27;601;57;28
24.544;    ;0;318;62;-1;98;50;1;364;172;11;98;48;    ;0;434;333;1;500;246;    ;0;150;106;1;150;125;    ;539;123;27;601;57;28
24.588;    ;0;318;62;-1;98;50;1;364;172;11;98;48;    ;0;434;334;1;500;246;    ;0;150;106;1;150;125;    ;539;123;27;601;57;28
24.635;    ;0;318;62;-1;98;50;1;364;172;11;98;48;    ;0;434;333;1;500;246;    ;0;150;106;1;150;125;    ;539;123;27;601;57;28
24.673;    ;0;318;62;-1;98;50;1;364;172;11;98;48;    ;0;434;333;1;500;246;    ;0;150;106;1;150;125;    ;539;123;27;601;57;28
24.712;    ;0;318;62;-2;98;50;1;364;172;11;98;48;    ;0;434;332;1;500;245;    ;0;150;106;1;150;125;    ;540;123;28;601;57;28
24.756;    ;0;318;62;-1;98;50;1;364;172;11;98;48;    ;0;434;333;1;500;246;    ;0;150;106;1;150;125;    ;539;123;27;601;57;28
24.797;    ;0;318;62;-1;98;50;1;364;172;11;98;48;    ;0;434;333;1;500;246;    ;0;150;106;1;150;125;    ;539;123;27;601;57;28
24.839;    ;0;318;62;-2;98;50;1;364;172;11;98;48;    ;0;434;333;1;500;245;    ;0;150;106;1;150;125;    ;539;123;28;601;57;28
24.882;    ;0;318;62;-1;98;50;1;364;172;11;98;48;    ;0;434;333;1;500;246;    ;0;150;106;1;150;125;    ;540;123;28;601;57;28
24.923;    ;0;318;62;-1;98;50;1;364;172;11;98;48;    ;0;434;334;1;500;246;    ;0;150;106;1;150;125;    ;540;123;28;601;57;28
24.961;    ;0;318;62;-2;98;50;1;364;172;11;98;48;    ;0;434;333;1;500;246;    ;0;150;106;1;150;125;    ;540;123;28;601;57;28
24.996;    ;0;318;62;-2;98;50;1;364;172;11;98;48;    ;0;434;334;1;500;246;    ;0;150;106;1;150;125;    ;540;123;28;601;57;28
25.032;    ;0;318;62;-2;98;50;1;364;172;11;98;48;    ;0;434;333;1;500;246;    ;0;150;106;1;150;125;    ;540;123;28;601;57;28
25.069;    ;0;318;62;-1;98;50;1;364;172;11;98;48;    ;0;434;337;1;500;249;    ;0;150;106;1;150;125;    ;540;123;28;601;57;28
25.106;    ;0;318;62;-1;98;50;1;364;172;11;98;48;    ;0;434;334;1;500;246;    ;0;150;106;1;150;125;    ;539;123;27;601;57;28
25.141;    ;0;318;62;-1;98;50;1;364;172;11;98;48;    ;0;434;333;1;500;246;    ;0;150;106;1;150;125;    ;539;123;27;601;57;28
25.178;    ;0;318;62;-1;98;50;1;364;172;11;98;48;    ;0;434;332;1;500;246;    ;0;150;106;1;150;125;    ;539;123;28;601;57;28
25.215;    ;0;318;62;-2;98;50;1;364;172;11;98;48;    ;0;434;333;1;500;246;    ;0;150;106;1;150;125;    ;540;123;28;601;57;28
25.252;    ;0;318;62;-1;98;50;1;364;172;11;98;48;    ;0;434;332;1;500;246;    ;0;150;106;1;150;125;    ;539;123;27;601;57;28
25.288;    ;0;318;62;-1;98;50;1;364;172;11;98;48;    ;0;434;332;1;500;246;    ;0;150;106;1;150;125;    ;539;123;27;601;57;28
25.324;    ;0;318;62;-1;98;50;1;364;172;11;98;48;    ;0;434;333;1;500;246;    ;0;150;106;1;150;125;    ;539;123;27;601;57;28
25.361;    ;0;318;62;-1;98;50;1;364;172;11;98;48;    ;0;434;333;1;500;246;    ;0;150;106;1;150;125;    ;540;123;28;601;57;28
25.398;    ;0;318;62;-2;98;50;1;364;172;11;98;48;    ;0;434;332;1;500;246;    ;0;150;106;1;150;125;    ;539;123;27;601;57;28
25.435;    ;0;318;62;-1;98;50;1;364;172;11;98;48;    ;0;434;335;1;500;249;    ;0;150;106;1;150;125;    ;539;123;27;601;57;28
25.473;    ;0;318;62;-1;98;50;1;364;172;11;98;48;    ;0;434;333;1;500;246;    ;0;150;106;1;150;125;    ;539;123;27;601;57;28
25.515;    ;0;318;62;-1;98;50;1;364;172;11;98;48;    ;0;434;335;1;500;249;    ;0;150;106;1;150;125;    ;539;123;27;601;57;28
25.556;    ;0;318;62;-1;98;50;1;364;172;11;98;48;    ;0;434;332;1;500;246;    ;0;150;106;1;150;125;    ;540;123;28;601;57;28
25.599;    ;0;318;62;-2;98;50;1;364;172;11;98;48;    ;0;434;334;1;500;246;    ;0;150;106;1;150;125;    ;539;123;28;601;57;28
25.642;    ;0;318;62;-2;98;50;1;364;172;11;98;48;    ;0;434;332;1;500;246;    ;0;150;106;1;150;125;    ;540;123;28;601;57;28
25.684;    ;0;318;62;-1;98;50;1;364;172;11;98;48;    ;0;434;333;1;500;246;    ;0;150;106;1;150;125;    ;540;123;28;601;57;28
25.727;    ;0;318;62;-1;98;50;1;364;172;11;98;48;    ;0;434;332;1;500;246;    ;0;150;106;1;150;125;    ;540;123;28;601;57;28
25.770;    ;0;318;62;-2;98;50;1;364;172;11;98;48;    ;0;434;333;1;500;246;    ;0;150;106;1;150;125;    ;539;123;27;601;57;28
25.813;    ;0;318;62;-1;98;50;1;364;172;11;98;48;    ;0;434;332;1;500;246;    ;0;150;106;1;150;125;    ;540;123;28;601;57;28
25.856;    ;0;318;62;-1;98;50;1;364;172;11;98;48;    ;0;434;333;1;500;246;    ;0;150;106;1;150;125;    ;540;123;28;601;57;28
25.897;    ;0;318;62;-2;98;50;1;364;172;11;98;48;    ;0;434;334;1;500;246;    ;0;150;106;1;150;125;    ;539;123;27;601;57;28
25.935;    ;0;318;62;-1;98;50;1;364;172;11;98;48;    ;0;434;336;1;500;249;    ;0;150;106;1;150;125;    ;539;123;27;601;57;28
25.970;    ;0;318;62;0;98;50;1;364;172;11;98;48;    ;0;434;333;1;500;246;    ;0;150;106;1;150;125;    ;539;123;27;601;57;28
26.007;    ;0;318;62;-2;98;50;1;364;172;11;98;48;    ;0;434;333;1;500;246;    ;0;150;106;1;150;125;    ;540;123;28;601;60;28
26.044;    ;0;318;62;-2;98;50;1;364;172;11;98;48;    ;0;434;332;1;500;246;    ;0;150;106;1;150;125;    ;539;123;28;601;57;28
26.083;    ;0;318;62;0;98;50;1;364;172;11;98;48;    ;0;434;334;1;500;246;    ;0;150;106;1;150;125;    ;539;123;28;601;57;28
26.120;    ;0;318;62;-1;98;50;1;364;172;11;98;48;    ;0;434;332;1;500;246;    ;0;150;106;1;150;125;    ;540;123;28;601;60;28
26.156;    ;0;318;62;0;98;50;1;364;172;11;98;48;    ;0;434;333;1;500;246;    ;0;150;106;1;150;125;    ;539;123;27;601;57;28
26.192;    ;0;318;62;-1;98;50;1;364;172;11;98;48;    ;0;434;333;1;500;246;    ;0;150;106;1;150;125;    ;539;123;28;601;60;28
26.229;    ;0;318;62;-2;98;50;1;364;172;11;98;48;    ;0;434;333;1;500;246;    ;0;150;106;1;150;125;    ;539;123;27;601;57;28
26.266;    ;0;318;62;-1;98;50;1;364;172;11;98;48;    ;0;434;332;1;500;246;    ;0;150;106;1;150;125;    ;539;123;27;601;57;28
26.303;    ;0;318;62;-1;98;50;1;364;172;11;98;48;    ;0;434;333;1;500;246;    ;0;150;106;1;150;125;    ;539;123;27;601;57;28
26.341;    ;0;318;62;-1;98;50;1;364;172;11;98;48;    ;0;434;332;1;500;246;    ;0;150;106;1;150;125;    ;540;123;28;601;57;28
26.378;    ;0;318;62;-1;98;50;1;364;172;11;98;48;    ;0;434;333;1;500;246;    ;0;150;106;1;150;125;    ;539;123;27;601;57;28
26.417;    ;0;318;62;-2;98;50;1;364;172;11;98;48;    ;0;434;332;1;500;246;    ;0;150;106;1;150;125;    ;540;123;28;601;57;28
26.453;    ;0;318;62;-1;98;50;1;364;172;11;98;48;    ;0;434;334;1;500;246;    ;0;150;106;1;150;125;    ;540;123;28;601;57;28
26.490;    ;0;318;62;-2;98;50;1;364;172;11;98;48;    ;0;434;332;1;500;246;    ;0;150;106;1;150;125;    ;539;123;27;601;57;28
26.526;    ;0;318;62;-1;98;50;1;364;172;11;98;48;    ;0;434;333;1;500;246;    ;0;150;106;1;150;125;    ;539;123;27;601;57;28
26.561;    ;0;318;62;0;98;50;1;364;172;11;98;48;    ;0;434;332;1;500;246;    ;0;150;106;1;150;125;    ;539;123;27;601;57;28
26.599;    ;0;318;62;-2;98;50;1;364;172;11;98;48;    ;0;434;333;1;500;246;    ;0;150;106;1;150;125;    ;539;123;27;601;60;28
26.636;    ;0;318;62;-1;98;50;1;364;172;11;98;48;    ;0;434;333;1;500;246;    ;0;150;106;1;150;125;    ;539;123;27;601;57;28
26.674;    ;0;318;62;-1;98;50;1;364;172;11;98;48;    ;0;434;333;1;500;246;    ;0;150;106;1;150;125;    ;539;123;27;601;57;28
26.711;    ;0;318;62;-1;98;50;1;364;172;11;98;48;    ;0;434;333;1;500;246;    ;0;150;106;1;150;125;    ;539;123;27;601;57;28
26.748;    ;0;318;62;-1;98;50;1;364;172;11;98;48;    ;0;434;333;1;500;246;    ;0;150;106;1;150;125;    ;539;123;28;601;57;28
26.785;    ;0;318;62;-2;98;50;1;364;172;11;98;48;    ;0;434;332;1;500;246;    ;0;150;106;1;150;125;    ;539;123;27;601;57;28
26.821;    ;0;318;62;-1;98;50;1;364;172;11;98;48;    ;0;434;336;1;500;249;    ;0;150;106;1;150;125;    ;539;123;28;601;57;28
26.859;    ;0;318;62;-2;98;50;1;364;172;11;98;48;    ;0;434;332;1;500;246;    ;0;150;106;1;150;125;    ;539;123;27;601;57;28
26.896;    ;0;318;62;-1;98;50;1;364;172;11;98;48;    ;0;434;333;1;500;246;    ;0;150;106;1;150;125;    ;539;123;27;601;57;28
26.932;    ;0;318;62;-2;98;50;1;364;172;11;98;48;    ;0;434;332;1;500;246;    ;0;150;106;1;150;125;    ;539;123;28;601;57;28
26.969;    ;0;318;62;-1;98;50;1;364;172;11;98;48;    ;0;434;332;1;500;246;    ;0;150;106;1;150;125;    ;539;123;27;601;57;28
27.005;    ;0;318;62;-1;98;50;1;364;172;11;98;48;    ;0;434;332;1;500;246;    ;0;150;106;1;150;125;    ;540;123;28;601;57;28
27.041;    ;0;318;62;-1;98;50;1;364;172;11;98;48;    ;0;434;333;1;500;246;    ;0;150;106;1;150;125;    ;539;123;27;601;57;28
27.078;    ;0;318;62;-1;98;50;1;364;172;11;98;48;    ;0;434;333;1;500;246;    ;0;150;106;1;150;125;    ;539;123;27;601;57;28
27.114;    ;0;318;62;-1;98;50;1;364;172;11;98;48;    ;0;434;333;1;500;246;    ;0;150;106;1;150;125;    ;540;123;28;601;57;28
27.150;    ;0;318;62;-2;98;50;1;364;172;11;98;48;    ;0;434;337;1;500;249;    ;0;150;106;1;150;125;    ;540;123;28;601;57;28
27.187;    ;0;318;62;-1;98;50;1;364;172;11;98;48;    ;0;434;333;1;500;246;    ;0;150;106;1;150;125;    ;539;123;28;601;57;28
27.226;    ;0;318;62;-1;98;50;1;364;172;11;98;48;    ;0;434;333;1;500;246;    ;0;150;106;1;150;125;    ;539;123;28;601;57;28
27.268;    ;0;318;62;-1;98;50;1;364;172;11;98;48;    ;0;434;333;1;500;246;    ;0;150;106;1;150;125;    ;540;123;28;601;57;28
27.310;    ;0;318;62;-2;98;50;1;364;172;11;98;48;    ;0;434;335;1;500;249;    ;0;150;106;1;150;125;    ;539;123;27;601;57;28
27.352;    ;0;318;62;-1;98;50;1;364;172;11;98;48;    ;0;434;332;1;500;246;    ;0;150;106;1;150;125;    ;539;123;28;601;57;28
27.394;    ;0;318;62;-1;98;50;1;364;172;11;98;48;    ;0;434;333;1;500;246;    ;0;150;106;1;150;125;    ;539;123;28;601;57;28
27.435;    ;0;318;62;0;98;50;1;364;172;11;98;48;    ;0;434;334;1;500;246;    ;0;150;106;1;150;125;    ;539;123;27;601;57;28
27.477;    ;0;318;62;-2;98;50;1;364;172;11;98;48;    ;0;434;333;1;500;246;    ;0;150;106;1;150;125;    ;540;123;28;601;60;28
27.519;    ;0;318;62;-1;98;50;1;364;172;11;98;48;    ;0;434;333;1;500;246;    ;0;150;106;1;150;125;    ;540;123;28;601;57;28
27.562;    ;0;318;62;-1;98;50;1;364;172;11;98;48;    ;0;434;333;1;500;246;    ;0;150;106;1;150;125;    ;539;123;28;601;57;28
27.606;    ;0;318;62;-1;98;50;1;364;172;11;98;48;    ;0;434;333;1;500;246;    ;0;150;106;1;150;125;    ;540;123;28;601;57;28
27.650;    ;0;318;62;-1;98;50;1;364;172;11;98;48;    ;0;434;333;1;500;246;    ;0;150;106;1;150;125;    ;539;123;27;601;57;28
27.697;    ;0;318;62;-1;98;50;1;364;172;11;98;48;    ;0;434;332;1;500;246;    ;0;150;106;1;150;125;    ;540;123;28;601;57;28
27.739;    ;0;318;62;-1;98;50;1;364;172;11;98;48;    ;0;434;333;1;500;246;    ;0;150;106;1;150;125;    ;540;123;28;601;57;28
27.777;    ;0;318;62;-1;98;50;1;364;172;11;98;48;    ;0;434;333;1;500;246;    ;0;150;106;1;150;125;    ;540;123;28;601;57;28
27.814;    ;0;318;62;-1;98;50;1;364;172;11;98;48;    ;0;434;333;1;500;246;    ;0;150;106;1;150;125;    ;540;123;28;601;57;28
27.850;    ;0;318;62;-1;98;50;1;364;172;11;98;48;    ;0;434;333;1;500;246;    ;0;150;106;1;150;125;    ;539;123;27;601;57;28
27.888;    ;0;318;62;-2;98;50;1;364;172;11;98;48;    ;0;434;332;1;500;246;    ;0;150;106;1;150;125;    ;540;123;28;601;57;28
27.925;    ;0;318;62;-2;98;50;1;364;172;11;98;48;    ;0;434;332;1;500;246;    ;0;150;106;1;150;125;    ;539;123;27;601;57;28
27.961;    ;0;318;62;0;98;50;1;364;172;11;98;48;    ;0;434;333;1;500;246;    ;0;150;106;1;150;125;    ;540;123;28;601;57;28
27.998;    ;0;318;62;-1;98;50;1;364;172;11;98;48;    ;0;434;332;1;500;246;    ;0;150;106;1;150;125;    ;539;123;27;601;60;28
28.036;    ;0;318;62;-1;98;50;1;364;172;11;98;48;    ;0;434;332;1;500;246;    ;0;150;106;1;150;125;    ;540;123;28;601;57;28
28.073;    ;0;318;62;-1;98;50;1;364;172;11;98;48;    ;0;434;337;1;500;249;    ;0;150;106;1;150;125;    ;539;123;27;601;57;28
28.130;    ;0;318;62;-2;98;50;1;364;172;11;98;48;    ;0;434;333;1;500;246;    ;0;150;106;1;150;125;    ;539;123;28;601;57;28
28.167;    ;0;318;62;-1;98;50;1;364;172;11;98;48;    ;0;434;333;1;500;246;    ;0;150;106;1;150;125;    ;539;123;28;601;57;28
28.204;    ;0;318;62;-1;98;50;1;364;172;11;98;48;    ;0;434;333;1;500;246;    ;0;150;106;1;150;125;    ;539;123;27;601;57;28
28.240;    ;0;318;62;-1;98;50;1;364;172;11;98;48;    ;0;434;334;1;500;246;    ;0;150;106;1;150;125;    ;539;123;27;601;57;28
28.276;    ;0;318;62;-1;98;50;1;364;172;11;98;48;    ;0;434;333;1;500;246;    ;0;150;106;1;150;125;    ;539;123;27;601;57;28
28.311;    ;0;318;62;-1;98;50;1;364;172;11;98;48;    ;0;434;333;1;500;246;    ;0;150;106;1;150;125;    ;539;123;27;601;57;28
28.347;    ;0;318;62;-2;98;50;1;364;172;11;98;48;    ;0;434;333;1;500;246;    ;0;150;106;1;150;125;    ;539;123;27
28.383;    ;0;318;62;-2;98;50;1;364;172;11;98;48;    ;0;434;333;1;500;246;    ;0;150;106;1;150;125;    ;540;123;28
28.421;    ;0;318;62;-1;98;50;1;364;172;11;98;48;    ;0;434;333;1;500;246;    ;0;150;106;1;150;125;    ;539;123;27
28.457;    ;0;318;62;-1;98;50;1;364;172;11;98;48;    ;0;434;333;1;500;246;    ;0;150;106;1;150;125;    ;540;123;28
28.495;    ;0;318;62;-1;98;50;1;364;172;11;98;48;    ;0;434;333;1;500;246;    ;0;150;106;1;150;125;    
28.531;    ;0;318;62;-1;98;50;1;364;172;11;98;48;    ;0;434;332;1;500;246;    ;0;150;106;1;150;125;    
28.570;    ;0;318;62;-1;98;50;1;364;172;11;98;48;    ;0;434;333;1;500;246;    ;0;150;106;1;150;125;    
28.606;    ;0;318;62;-1;98;50;1;364;172;11;98;48;    ;0;434;332;1;500;246;    ;0;150;106;1;150;125;    
28.643;    ;0;318;62;-1;98;50;1;364;172;11;98;48;    ;0;434;333;1;500;246;    ;0;150;106;1;150;125;    
28.680;    ;0;318;62;-1;98;50;1;364;172;11;98;48;    ;0;434;332;1;500;246;    ;0;150;106;1;150;125;    
28.718;    ;0;318;62;-1;98;50;1;364;172;11;98;48;    ;0;434;332;1;500;245;    ;0;150;106;1;150;125;    
28.755;    ;0;318;62;-1;98;50;1;364;172;11;98;48;    ;0;434;333;1;500;246;    ;0;150;106;1;150;125;    
28.791;    ;0;318;62;0;98;50;1;364;172;11;98;48;    ;0;434;332;1;500;246;    ;0;150;106;1;150;125;    
28.829;    ;0;318;62;-1;98;50;1;364;172;11;98;48;    ;0;434;333;1;500;246;    ;0;150;106;1;150;125;    
28.865;    ;0;318;62;-1;98;50;1;364;172;11;98;48;    ;0;434;333;1;500;246;    ;0;150;106;1;150;125;    ;601;57;28
28.904;    ;0;318;62;-1;98;50;1;364;172;11;98;48;    ;0;434;333;1;500;163;    ;0;150;106;1;150;125;    ;601;57;28
28.941;    ;0;318;62;-1;98;50;1;364;172;11;98;48;    ;0;435;249;1;500;162;    ;0;150;106;1;150;115;    ;601;57;28
28.977;    ;0;318;62;0;98;50;1;364;172;11;98;48;    ;0;435;246;1;500;162;    ;0;150;106;1;150;115;    ;601;57;28
29.014;    ;0;318;62;-1;98;50;1;364;172;11;98;48;    ;0;436;246;1;500;162;    ;0;150;106;1;150;115;    ;601;60;28
29.051;    ;0;318;62;-1;98;50;1;364;172;11;98;48;    ;0;436;246;1;500;162;    ;0;150;106;1;150;115;    ;601;57;28
29.089;    ;0;318;62;-1;98;50;1;364;172;11;98;48;    ;0;437;246;1;500;162;    ;0;150;106;1;150;115;    ;601;57;28
29.125;    ;0;318;62;-1;98;50;1;364;172;11;98;48;    ;0;437;246;1;500;162;    ;0;150;106;1;150;115;    ;601;57;28
29.163;    ;0;318;62;-1;98;50;1;364;172;11;98;48;    ;0;438;246;1;500;161;    ;0;150;106;1;150;115;    ;601;57;28
29.201;    ;0;318;62;-1;98;50;1;364;172;11;98;48;    ;0;438;249;1;500;163;    ;0;150;106;1;150;115;    ;601;57;28
29.240;    ;0;318;62;0;98;50;1;364;172;11;98;48;    ;0;439;249;1;500;162;    ;0;150;106;1;150;115;    
29.279;    ;0;318;62;-1;98;50;1;364;172;11;98;48;    ;0;439;246;1;500;163;    ;0;150;106;1;150;115;    
29.316;    ;0;318;62;-1;98;50;1;364;172;11;98;48;    ;0;440;246;1;500;163;    ;0;150;106;1;150;115;    
29.354;    ;0;318;62;-1;98;50;1;364;172;11;98;48;    ;0;440;246;1;500;159;    ;0;150;106;1;150;115;    
29.393;    ;0;318;62;-1;98;50;1;364;172;11;98;48;    ;0;441;246;1;500;163;    ;0;150;106;1;150;115;    
29.430;    ;0;318;62;-2;98;50;1;364;172;11;98;48;    ;0;441;246;1;500;159;    ;0;150;106;1;150;115;    
29.467;    ;0;318;62;-2;98;50;1;364;172;11;98;48;    ;0;442;246;1;500;162;    ;0;150;106;1;150;115;    
29.505;    ;0;318;62;-1;98;50;1;364;172;11;98;48;    ;0;442;245;1;500;158;    ;0;150;106;1;150;115;    ;601;57;28
29.543;    ;0;318;62;-2;98;50;1;364;172;11;98;48;    ;0;443;246;1;500;159;    ;0;150;106;1;150;115;    ;601;57;28
29.581;    ;0;318;62;-1;98;50;1;364;172;11;98;48;    ;0;443;246;1;500;159;    ;0;150;106;1;150;115;    ;601;57;28
29.618;    ;0;318;62;-1;98;50;1;364;172;11;98;48;    ;0;444;246;1;500;159;    ;0;150;106;1;150;115;    ;601;57;28
29.654;    ;0;318;62;-2;98;50;1;364;172;11;98;48;    ;0;444;246;1;500;161;    ;0;150;106;1;150;115;    ;601;57;28
29.691;    ;0;318;62;-1;98;50;1;364;172;11;98;48;    ;0;445;246;1;500;162;    ;0;150;106;1;150;115;    ;601;57;28
29.728;    ;0;318;62;-1;98;50;1;364;172;11;98;48;    ;0;445;246;1;500;162;    ;0;150;106;1;150;115;    ;601;57;28
29.763;    ;0;318;62;-1;98;50;1;364;172;11;98;48;    ;0;446;246;1;500;159;    ;0;150;106;1;150;115;    ;601;57;28
29.799;    ;0;318;62;-2;98;50;1;364;172;11;98;48;    ;0;446;246;1;500;159;    ;0;150;106;1;150;115;    ;601;57;28
29.836;    ;0;318;62;-2;98;50;1;364;172;11;98;48;    ;0;447;246;1;500;159;    ;0;150;106;1;150;115;    ;601;57;28
29.873;    ;0;318;62;-1;98;50;1;364;172;11;98;48;    ;0;447;246;1;500;162;    ;0;150;106;1;150;115;    ;601;57;28
29.909;    ;0;318;62;-1;98;50;1;364;172;11;98;48;    ;0;448;246;1;500;159;    ;0;150;106;1;150;115;    ;601;57;28
29.946;    ;0;318;62;-1;98;50;1;364;172;11;98;48;    ;0;448;246;1;500;159;    ;0;150;106;1;150;115;    ;601;57;28
29.982;    ;0;318;62;-1;98;50;1;364;172;11;98;48;    ;0;449;246;1;500;159;    ;0;150;106;1;150;115;    ;601;57;28
30.018;    ;0;318;62;-1;98;50;1;364;172;11;98;48;    ;0;449;246;1;500;159;    ;0;150;106;1;150;115;    ;601;57;28
30.055;    ;0;318;62;-1;98;50;1;364;172;11;98;48;    ;0;450;249;1;500;159;    ;0;150;106;1;150;115;    ;601;57;28
30.101;    ;0;318;62;-2;98;50;1;364;172;11;98;48;    ;0;450;245;1;500;158;    ;0;150;106;1;150;115;    ;601;57;28
30.138;    ;0;318;62;-1;98;50;1;364;172;11;98;48;    ;0;451;245;1;500;158;    ;0;150;106;1;150;115;    ;601;57;28
30.174;    ;0;318;62;-1;98;50;1;364;172;11;98;48;    ;0;451;246;1;500;159;    ;0;150;106;1;150;115;    ;601;57;28
30.210;    ;0;318;62;-1;98;50;1;364;172;11;98;48;    ;0;452;246;1;500;159;    ;0;150;106;1;150;115;    ;601;57;28
30.247;    ;0;318;62;-1;98;50;1;364;172;11;98;48;    ;0;452;246;1;500;159;    ;0;150;106;1;150;115;    ;601;57;28
30.283;    ;0;318;62;-2;98;50;1;364;172;11;98;48;    ;0;453;246;1;500;162;    ;0;150;106;1;150;115;    ;601;57;28
30.319;    ;0;318;62;-1;98;50;1;364;172;11;98;48;    ;0;453;249;1;500;159;    ;0;150;106;1;150;115;    ;601;57;28
30.356;    ;0;318;62;-2;98;50;1;364;172;11;98;48;    ;0;454;246;1;500;159;    ;0;150;106;1;150;115;    ;601;57;28
30.393;    ;0;318;62;-1;98;50;1;364;172;11;98;48;    ;0;454;246;1;500;162;    ;0;150;106;1;150;115;    ;601;57;28
30.431;    ;0;318;62;-1;98;50;1;364;172;11;98;48;    ;0;455;246;1;500;159;    ;0;150;106;1;150;115;    ;601;57;28
30.468;    ;0;318;62;-1;98;50;1;364;172;11;98;48;    ;0;455;246;1;500;159;    ;0;150;106;1;150;115;    ;601;57;28
30.505;    ;0;318;62;-2;98;50;1;364;172;11;98;48;    ;0;456;246;1;500;159;    ;0;150;106;1;150;115;    ;601;57;28
30.543;    ;0;318;62;-1;98;50;1;364;172;11;98;48;    ;0;456;246;1;500;159;    ;0;150;106;1;150;115;    ;601;57;28
30.584;    ;0;318;62;-1;98;50;1;364;172;11;98;48;    ;0;457;249;1;500;162;    ;0;150;106;1;150;115;    ;601;57;28
30.623;    ;0;318;62;-2;98;50;1;364;172;11;98;48;    ;0;457;246;1;500;162;    ;0;150;106;1;150;115;    ;601;57;28
30.661;    ;0;318;62;-1;98;50;1;364;172;11;98;48;    ;0;458;246;1;500;159;    ;0;150;106;1;150;115;    ;601;57;28
30.698;    ;0;318;62;-1;98;50;1;364;172;11;98;48;    ;0;458;246;1;500;159;    ;0;150;106;1;150;115;    ;601;57;28
30.735;    ;0;318;62;-1;98;50;1;364;172;11;98;48;    ;0;459;246;1;500;159;    ;0;150;106;1;150;115;    ;601;57;28
30.771;    ;0;318;62;-1;98;50;1;364;172;11;98;48;    ;0;459;246;1;500;162;    ;0;150;106;1;150;115;    ;601;57;28
30.808;    ;0;318;62;-2;98;50;1;364;172;11;98;48;    ;0;460;246;1;500;162;    ;0;150;106;1;150;115;    ;601;57;28
30.845;    ;0;318;62;-1;98;50;1;364;172;11;98;48;    ;0;460;246;1;500;162;    ;0;150;106;1;150;115;    ;601;57;28
30.881;    ;0;318;62;0;98;50;1;364;172;11;98;48;    ;0;461;246;1;500;159;    ;0;150;106;1;150;115;    ;601;57;28
30.917;    ;0;318;62;-2;98;50;1;364;172;11;98;48;    ;0;461;249;1;500;159;    ;0;150;106;1;150;115;    ;601;60;28
30.953;    ;0;318;62;-1;98;50;1;364;172;11;98;48;    ;0;462;249;1;500;159;    ;0;150;106;1;150;115;    ;601;57;28
30.989;    ;0;318;62;-2;98;50;1;364;172;11;98;48;    ;0;462;249;1;500;162;    ;0;150;106;1;150;115;    ;601;57;28
31.027;    ;0;318;62;-1;98;50;1;364;172;11;98;48;    ;0;463;246;1;500;159;    ;0;150;106;1;150;115;    ;601;57;28
31.063;    ;0;318;62;-1;98;50;1;364;172;11;98;48;    ;0;463;246;1;500;159;    ;0;150;106;1;150;115;    ;601;57;28
31.099;    ;0;318;62;-1;98;50;1;364;172;11;98;48;    ;0;464;249;1;500;159;    ;0;150;106;1;150;115;    ;601;57;28
31.136;    ;0;318;62;-2;98;50;1;364;172;11;98;48;    ;0;464;246;1;500;159;    ;0;150;106;1;150;115;    ;601;57;28
31.172;    ;0;318;62;-1;98;50;1;364;172;11;98;48;    ;0;465;246;1;500;159;    ;0;150;106;1;150;115;    ;601;57;28
31.208;    ;0;318;62;-2;98;50;1;364;172;11;98;48;    ;0;465;249;1;500;159;    ;0;150;106;1;150;115;    
31.245;    ;0;318;62;-2;98;50;1;364;172;11;98;48;    ;0;466;249;1;500;159;    ;0;150;106;1;150;115;    
31.281;    ;0;318;62;-1;98;50;1;364;172;11;98;48;    ;0;466;249;1;500;159;    ;0;150;106;1;150;115;    
31.319;    ;0;318;62;-1;98;50;1;364;172;11;98;48;    ;0;467;246;1;500;159;    ;0;150;106;1;150;115;    
31.356;    ;0;318;62;-1;98;50;1;364;172;11;98;48;    ;0;467;246;1;500;159;    ;0;150;106;1;150;115;    
31.393;    ;0;318;62;-1;98;50;1;364;172;11;98;48;    ;0;468;246;1;500;159;    ;0;150;106;1;150;115;    
31.429;    ;0;318;62;-1;98;50;1;364;172;11;98;48;    ;0;468;246;1;500;159;    ;0;150;106;1;150;115;    
31.466;    ;0;318;62;-2;98;50;1;364;172;11;98;48;    ;0;469;249;1;500;159;    ;0;150;106;1;150;115;    
31.501;    ;0;318;62;-2;98;50;1;364;172;11;98;48;    ;0;469;246;1;500;159;    ;0;150;106;1;150;115;    
31.546;    ;0;318;62;-2;98;50;1;364;172;11;98;48;    ;0;470;246;1;500;159;    ;0;150;106;1;150;115;    
31.584;    ;0;318;62;-1;98;50;1;364;172;11;98;48;    ;0;470;249;1;500;159;    ;0;150;106;1;150;115;    
31.622;    ;0;318;62;-2;98;50;1;364;172;11;98;48;    ;0;471;246;1;500;159;    ;0;150;106;1;150;115;    
31.658;    ;0;318;62;-2;98;50;1;364;172;11;98;48;    ;0;471;246;1;500;162;    ;0;150;106;1;150;115;    
31.695;    ;0;318;62;-1;98;50;1;364;172;11;98;48;    ;0;472;246;1;500;162;    ;0;150;106;1;150;115;    
31.732;    ;0;318;62;-2;98;50;1;364;172;11;98;48;    ;0;472;249;1;500;159;    ;0;150;106;1;150;115;    
31.769;    ;0;318;62;-2;98;50;1;364;172;11;98;48;    ;0;473;246;1;500;159;    ;0;150;106;1;150;115;    
31.806;    ;0;318;62;-1;98;50;1;364;172;11;98;48;    ;0;473;246;1;500;159;    ;0;150;106;1;150;115;    
31.842;    ;0;318;62;-2;98;50;1;364;172;11;98;48;    ;0;474;246;1;500;159;    ;0;150;106;1;150;115;    
31.879;    ;0;318;62;-2;98;50;1;364;172;11;98;48;    ;0;474;246;1;500;159;    ;0;150;106;1;150;115;    
31.916;    ;0;318;62;-1;98;50;1;364;172;11;98;48;    ;0;475;246;1;500;159;    ;0;150;106;1;150;115;    
31.954;    ;0;318;62;-1;98;50;1;364;172;11;98;48;    ;0;475;246;1;500;159;    ;0;150;106;1;150;115;    
31.991;    ;0;318;62;-1;98;50;1;364;172;11;98;48;    ;0;476;246;1;500;162;    ;0;150;106;1;150;115;    
32.029;    ;0;318;62;-1;98;50;1;364;172;11;98;48;    ;0;476;249;1;500;162;    ;0;150;106;1;150;115;    
32.068;    ;0;318;62;-1;98;50;1;364;172;11;98;48;    ;0;477;246;1;500;162;    ;0;150;106;1;150;115;    
32.105;    ;0;318;62;-1;98;50;1;364;172;11;98;48;    ;0;477;246;1;500;162;    ;0;150;106;1;150;115;    
32.143;    ;0;318;62;-1;98;50;1;364;172;11;98;48;    ;0;478;246;1;500;162;    ;0;150;106;1;150;115;    
32.181;    ;0;318;62;-1;98;50;1;364;172;11;98;48;    ;0;478;246;1;500;159;    ;0;150;106;1;150;115;    
32.217;    ;0;318;62;-1;98;50;1;364;172;11;98;48;    ;0;479;245;1;500;158;    ;0;150;106;1;150;115;    
32.255;    ;0;318;62;-1;98;50;1;364;172;11;98;48;    ;0;479;246;1;500;159;    ;0;150;106;1;150;115;    
32.292;    ;0;318;62;-1;98;50;1;364;172;11;98;48;    ;0;480;246;1;500;161;    ;0;150;106;1;150;115;    
32.330;    ;0;318;62;-1;98;50;1;364;172;11;98;48;    ;0;480;246;1;500;162;    ;0;150;106;1;150;115;    
32.367;    ;0;318;62;-1;98;50;1;364;172;11;98;48;    ;0;481;249;1;500;159;    ;0;150;106;1;150;115;    
32.404;    ;0;318;62;-2;98;50;1;364;172;11;98;48;    ;0;481;246;1;500;162;    ;0;150;106;1;150;115;    
32.441;    ;0;318;62;-1;98;50;1;364;172;11;98;48;    ;0;482;246;1;500;162;    ;0;150;106;1;150;115;    
32.478;    ;0;318;62;-1;98;50;1;364;172;11;98;48;    ;0;482;246;1;500;159;    ;0;150;106;1;150;115;    
32.515;    ;0;318;62;-1;98;50;1;364;172;11;98;48;    ;0;483;246;1;500;159;    ;0;150;106;1;150;115;    
32.551;    ;0;318;62;-2;98;50;1;364;172;11;98;48;    ;0;483;246;1;500;162;    ;0;150;106;1;150;115;    
32.588;    ;0;318;62;-2;98;50;1;364;172;11;98;48;    ;0;484;246;1;500;159;    ;0;150;106;1;150;115;    
32.625;    ;0;318;62;-1;98;50;1;364;172;11;98;48;    ;0;484;246;1;500;162;    ;0;150;106;1;150;115;    
32.661;    ;0;318;62;-1;98;50;1;364;172;9;97;48;    ;0;485;246;1;500;162;    ;0;150;106;1;150;115;    
32.698;    ;0;318;62;-1;98;50;1;364;172;11;98;48;    ;0;485;246;1;500;159;    ;0;150;106;1;150;113;    
32.735;    ;0;318;62;-1;98;50;1;364;172;11;98;48;    ;0;486;246;1;500;159;    ;0;150;106;1;150;115;    
32.773;    ;0;318;62;-2;98;50;1;364;172;11;98;48;    ;0;486;246;1;500;162;    ;0;150;106;1;150;115;    
32.809;    ;0;318;62;-1;98;50;1;364;172;11;98;48;    ;0;487;246;1;500;162;    ;0;150;106;1;150;115;    
32.845;    ;0;318;62;-2;98;50;1;364;172;11;98;48;    ;0;487;245;1;500;161;    ;0;150;106;1;150;115;    
32.882;    ;0;318;62;-1;98;50;1;364;172;11;98;48;    ;0;488;246;1;500;159;    ;0;150;106;1;150;115;    
32.917;    ;0;318;62;-1;98;50;1;364;172;11;98;48;    ;0;488;246;1;500;162;    ;0;150;106;1;150;115;    
32.954;    ;0;318;62;0;98;50;1;364;172;11;98;48;    ;0;489;246;1;500;162;    ;0;150;106;1;150;115;    
32.992;    ;0;318;62;-2;98;50;1;364;172;11;98;48;    ;0;489;246;1;500;159;    ;0;150;106;1;150;115;    
33.029;    ;0;318;62;-2;98;50;1;364;172;11;98;48;    ;0;490;245;1;500;161;    ;0;150;106;1;150;115;    
33.065;    ;0;318;62;-1;98;50;1;364;172;11;98;48;    ;0;490;246;1;500;162;    ;0;150;106;1;150;115;    
33.103;    ;0;318;62;-1;98;50;1;364;172;11;98;48;    ;0;491;246;1;500;159;    ;0;150;106;1;150;115;    
33.139;    ;0;318;62;-1;98;50;1;364;172;11;98;48;    ;0;491;246;1;500;159;    ;0;150;106;1;150;115;    
33.175;    ;0;318;62;-1;98;50;1;364;172;11;98;48;    ;0;492;246;1;500;159;    ;0;150;106;1;150;115;    
33.212;    ;0;318;62;-2;98;50;1;364;172;11;98;48;    ;0;492;249;1;500;159;    ;0;150;106;1;150;115;    
33.249;    ;0;318;62;-1;98;50;1;364;172;11;98;48;    ;0;493;249;1;500;159;    ;0;150;106;1;150;115;    
33.286;    ;0;318;62;-1;98;50;1;364;172;11;98;48;    ;0;493;246;1;500;162;    ;0;150;106;1;150;115;    
33.322;    ;0;318;62;-2;98;50;1;364;172;11;98;48;    ;0;494;246;1;500;159;    ;0;150;106;1;150;115;    
33.372;    ;0;318;62;-1;98;50;1;364;172;11;98;48;    ;0;494;246;1;500;159;    ;0;150;106;1;150;115;    
33.416;    ;0;318;62;-2;98;50;1;364;172;11;98;48;    ;0;495;246;1;500;159;    ;0;150;106;1;150;115;    
33.459;    ;0;318;62;-2;98;50;1;364;172;11;98;48;    ;0;495;246;1;500;159;    ;0;150;106;1;150;115;    
33.500;    ;0;318;62;-2;98;50;1;364;172;11;98;48;    ;0;496;246;1;500;159;    ;0;150;106;1;150;115;    
33.543;    ;0;318;62;-2;98;50;1;364;172;11;98;48;    ;0;496;246;1;500;159;    ;0;150;106;1;150;115;    
33.586;    ;0;318;62;-1;98;50;1;364;172;11;98;48;    ;0;497;246;1;500;162;    ;0;150;106;1;150;115;    
33.629;    ;0;318;62;-1;98;50;1;364;172;11;98;48;    ;0;497;246;1;500;163;    ;0;150;106;1;150;115;    
33.672;    ;0;318;62;-1;98;50;1;364;172;11;98;48;    ;0;498;246;1;500;162;    ;0;150;106;1;150;115;    
33.713;    ;0;318;62;-2;98;50;1;364;172;11;98;48;    ;0;498;246;1;500;162;    ;0;150;106;1;150;115;    
33.755;    ;0;318;62;-2;98;50;1;364;172;11;98;48;    ;0;499;246;1;500;159;    ;0;150;106;1;150;115;    
33.795;    ;0;318;62;-2;98;50;1;364;172;11;98;48;    ;0;499;249;1;500;159;    ;0;150;106;1;150;115;    
33.831;    ;0;318;62;-1;98;50;1;364;172;11;98;48;    ;0;500;246;1;500;159;    ;0;150;106;1;150;115;    
33.867;    ;0;318;62;-2;98;50;1;364;172;11;98;48;    ;0;500;246;1;500;162;    ;0;150;106;1;150;115;    
33.903;    ;0;318;62;-1;98;50;1;364;172;11;98;48;    ;0;500;246;1;500;162;    ;0;150;106;1;150;115;    
33.940;    ;0;318;62;-2;98;50;1;364;172;11;98;48;    ;0;500;246;1;500;159;    ;0;150;106;1;150;115;    
33.977;    ;0;318;62;-1;98;50;1;364;172;11;98;48;    ;0;500;246;1;500;162;    ;0;150;106;1;150;115;    
34.014;    ;0;318;62;-2;98;50;1;364;172;11;98;48;    ;0;500;246;1;500;159;    ;0;150;106;1;150;115;    
34.051;    ;0;318;62;-1;98;50;1;364;172;11;98;48;    ;0;500;246;1;500;159;    ;0;150;106;1;150;115;    
34.089;    ;0;318;62;-1;98;50;1;364;172;11;98;48;    ;0;500;246;1;500;162;    ;0;150;106;1;150;115;    
34.125;    ;0;318;62;-1;98;50;1;364;172;11;98;48;    ;0;500;246;1;500;159;    ;0;150;106;1;150;115;    
34.161;    ;0;318;62;-2;98;50;1;364;172;11;98;48;    ;0;500;246;1;500;159;    ;0;150;106;1;150;115;    
34.198;    ;0;318;62;-2;98;50;1;364;172;11;98;48;    ;0;500;246;1;500;159;    ;0;150;106;1;150;115;    
34.234;    ;0;318;62;-1;98;50;1;364;172;11;98;48;    ;0;500;246;1;500;159;    ;0;150;106;1;150;115;    
34.272;    ;0;318;62;-2;98;50;1;364;172;11;98;48;    ;0;500;246;1;500;159;    ;0;150;106;1;150;115;    
34.314;    ;0;318;62;-1;98;50;1;364;172;11;98;48;    ;0;500;246;1;500;159;    ;0;150;106;1;150;115;    
34.357;    ;0;318;62;-2;98;50;1;364;172;11;98;48;    ;0;500;246;1;500;159;    ;0;150;106;1;150;115;    
34.401;    ;0;318;62;-1;98;50;1;364;172;11;98;48;    ;0;500;245;1;500;158;    ;0;150;106;1;150;115;    
34.443;    ;0;318;62;-2;98;50;1;364;172;11;98;48;    ;0;500;246;1;500;159;    ;0;150;106;1;150;114;    
34.487;    ;0;318;62;-2;98;50;1;364;172;11;98;48;    ;0;500;246;1;500;159;    ;0;150;106;1;150;115;    
34.532;    ;0;318;62;-2;98;50;1;364;172;11;98;48;    ;0;500;246;1;500;162;    ;0;150;106;1;150;115;    
34.576;    ;0;318;62;-2;98;50;1;364;172;11;98;48;    ;0;500;246;1;500;159;    ;0;150;106;1;150;115;    
34.613;    ;0;318;62;-2;98;50;1;364;171;11;98;48;    ;0;500;246;1;500;159;    ;0;150;106;1;150;115;    
34.650;    ;0;318;62;-2;98;50;1;364;172;11;98;48;    ;0;500;249;1;500;159;    ;0;150;106;1;150;115;    
34.686;    ;0;318;62;-2;98;50;1;364;172;11;98;48;    ;0;500;246;1;500;159;    ;0;150;106;1;150;115;    
34.722;    ;0;318;62;-1;98;50;1;364;172;11;98;48;    ;0;500;246;1;500;162;    ;0;150;106;1;150;115;    
34.758;    ;0;318;62;-2;98;50;1;364;172;11;98;48;    ;0;500;246;1;500;161;    ;0;150;106;1;150;115;    
34.794;    ;0;318;62;-2;98;50;1;364;172;11;98;48;    ;0;500;246;1;500;162;    ;0;150;106;1;150;115;    
34.830;    ;0;318;62;-2;98;50;1;364;172;11;98;48;    ;0;500;249;1;500;159;    ;0;150;106;1;150;115;    
34.867;    ;0;318;62;-1;98;50;1;364;172;11;98;48;    ;0;500;246;1;500;159;    ;0;150;106;1;150;115;    
34.903;    ;0;318;62;-2;98;50;1;364;172;11;98;48;    ;0;500;246;1;500;159;    ;0;150;106;1;150;115;    
34.939;    ;0;318;62;-2;98;50;1;364;172;11;98;48;    ;0;500;246;1;500;159;    ;0;150;106;1;150;115;    
34.975;    ;0;318;62;-2;98;50;1;364;172;11;98;48;    ;0;500;246;1;500;162;    ;0;150;106;1;150;115;    
35.012;    ;0;318;62;-1;98;50;1;364;172;11;98;48;    ;0;500;246;1;500;159;    ;0;150;106;1;150;115;    
35.048;    ;0;318;62;-1;98;50;1;364;172;11;98;48;    ;0;500;246;1;500;162;    ;0;150;106;1;150;115;    
35.084;    ;0;318;62;-1;98;50;1;364;172;11;98;48;    ;0;500;246;1;500;159;    ;0;150;106;1;150;115;    
35.121;    ;0;318;62;-1;98;50;1;364;172;11;98;48;    ;0;500;246;1;500;159;    ;0;150;106;1;150;115;    
35.157;    ;0;318;62;-1;98;50;1;364;172;11;98;48;    ;0;500;249;1;500;159;    ;0;150;106;1;150;115;    
35.194;    ;0;318;62;-2;98;50;1;364;172;11;98;48;    ;0;500;246;1;500;159;    ;0;150;106;1;150;115;    
35.231;    ;0;318;62;0;98;50;1;364;172;11;98;48;    ;0;500;249;1;500;162;    ;0;150;106;1;150;115;    
35.268;    ;0;318;62;-2;98;50;1;364;172;11;98;48;    ;0;500;246;1;500;159;    ;0;150;106;1;150;115;    
35.303;    ;0;318;62;-1;98;50;1;364;172;11;98;48;    ;0;500;246;1;500;162;    ;0;150;106;1;150;115;    
35.340;    ;0;318;62;-2;98;50;1;364;172;11;98;48;    ;0;500;246;1;500;162;    ;0;150;106;1;150;115;    
35.376;    ;0;318;62;-1;98;50;1;364;172;11;98;48;    ;0;500;246;1;500;161;    ;0;150;106;1;150;115;    
35.413;    ;0;318;62;-1;98;50;1;364;172;11;98;48;    ;0;500;246;1;500;162;    ;0;150;106;1;150;115;    
35.452;    ;0;318;62;-1;98;50;1;364;172;11;98;48;    ;0;500;246;1;500;159;    ;0;150;106;1;150;115;    
35.490;    ;0;318;62;-1;98;50;1;364;172;11;98;48;    ;0;500;246;1;500;159;    ;0;150;106;1;150;115;    
35.528;    ;0;318;62;-2;98;50;1;364;172;11;98;48;    ;0;500;249;1;500;159;    ;0;150;106;1;150;115;    
35.565;    ;0;318;62;-1;98;50;1;364;172;11;98;48;    ;0;500;246;1;500;159;    ;0;150;106;1;150;115;    
35.606;    ;0;318;62;-1;98;50;1;364;172;11;98;48;    ;0;500;246;1;500;159;    ;0;150;106;1;150;115;    
35.652;    ;0;318;62;-2;98;50;1;364;172;11;98;48;    ;0;500;246;1;500;159;    ;0;150;106;1;150;115;    
35.694;    ;0;318;62;-2;98;50;1;364;172;11;98;48;    ;0;500;246;1;500;159;    ;0;150;106;1;150;115;    
35.736;    ;0;318;62;-1;98;50;1;364;172;11;98;48;    ;0;500;246;1;500;159;    ;0;150;106;1;150;115;    
35.777;    ;0;318;62;-1;98;50;1;364;172;11;98;48;    ;0;500;246;1;500;162;    ;0;150;106;1;150;115;    
35.812;    ;0;318;62;-1;98;50;1;364;172;11;98;48;    ;0;500;246;1;500;159;    ;0;150;106;1;150;115;    
35.848;    ;0;318;62;-1;98;50;1;364;172;11;98;48;    ;0;500;246;1;500;161;    ;0;150;106;1;150;115;    
35.884;    ;0;318;62;-2;98;50;1;364;172;11;98;48;    ;0;500;246;1;500;159;    ;0;150;106;1;150;115;    
35.919;    ;0;318;62;-2;98;50;1;364;172;11;98;48;    ;0;500;246;1;500;159;    ;0;150;106;1;150;115;    
35.957;    ;0;318;62;-2;98;50;1;364;172;11;98;48;    ;0;500;246;1;500;162;    ;0;150;106;1;150;115;    
35.995;    ;0;318;62;-1;98;50;1;364;172;11;98;48;    ;0;500;246;1;500;159;    ;0;150;106;1;150;115;    
36.032;    ;0;318;62;-1;98;50;1;364;172;11;98;48;    ;0;500;246;1;500;161;    ;0;150;106;1;150;115;    
36.068;    ;0;318;62;-1;98;50;1;364;172;11;98;48;    ;0;500;246;1;500;159;    ;0;150;106;1;150;115;    
36.105;    ;0;318;62;-1;98;50;1;364;172;11;98;48;    ;0;500;246;1;500;159;    ;0;150;106;1;150;115;    
36.141;    ;0;318;62;-2;98;50;1;364;172;11;98;48;    ;0;500;246;1;500;159;    ;0;150;106;1;150;115;    
36.176;    ;0;318;62;-2;98;50;1;364;172;11;98;48;    ;0;500;246;1;500;162;    ;0;150;106;1;150;115;    
36.212;    ;0;318;62;-1;98;50;1;364;172;11;98;48;    ;0;500;246;1;500;162;    ;0;150;106;1;150;115;    
36.248;    ;0;318;62;-2;98;50;1;364;172;11;98;48;    ;0;500;246;1;500;159;    ;0;150;106;1;150;115;    
36.285;    ;0;318;62;-1;98;50;1;364;172;11;98;48;    ;0;500;246;1;500;162;    ;0;150;106;1;150;115;    
36.323;    ;0;318;62;-1;98;50;1;364;172;11;98;48;    ;0;500;246;1;500;159;    ;0;150;106;1;150;115;    
36.360;    ;0;318;62;0;98;50;1;364;172;11;98;48;    ;0;500;246;1;500;162;    ;0;150;106;1;150;115;    
36.396;    ;0;318;62;-2;98;50;1;364;172;11;98;48;    ;0;500;246;1;500;159;    ;0;150;106;1;150;115;    
36.432;    ;0;318;62;-1;98;50;1;364;172;11;98;48;    ;0;500;246;1;500;159;    ;0;150;106;1;150;115;    
36.470;    ;0;318;62;-1;98;50;1;364;172;11;98;48;    ;0;500;246;1;500;159;    ;0;150;106;1;150;115;    
36.509;    ;0;318;62;-1;98;50;1;364;172;11;98;48;    ;0;500;246;1;500;159;    ;0;150;106;1;150;115;    
36.546;    ;0;318;62;-1;98;50;1;364;172;11;98;48;    ;0;500;246;1;500;159;    ;0;150;106;1;150;115;    
36.583;    ;0;318;62;-1;98;50;1;364;172;11;98;48;    ;0;500;246;1;500;159;    ;0;150;106;1;150;115;    
36.621;    ;0;318;62;-1;98;50;1;364;172;11;98;48;    ;0;500;246;1;500;162;    ;0;150;106;1;150;115;    
36.657;    ;0;318;62;-1;98;50;1;364;172;11;98;48;    ;0;500;245;1;500;158;    ;0;150;106;1;150;115;    
36.695;    ;0;318;62;-1;98;50;1;364;172;11;98;48;    ;0;500;246;1;500;162;    ;0;150;106;1;150;114;    
36.731;    ;0;318;62;-1;98;50;1;364;172;11;98;48;    ;0;500;246;1;500;162;    ;0;150;106;1;150;115;    
36.768;    ;0;318;62;-2;98;50;1;364;172;11;98;48;    ;0;500;246;1;500;159;    ;0;150;106;1;150;115;    
36.805;    ;0;318;62;-2;98;50;1;364;172;11;98;48;    ;0;500;246;1;500;162;    ;0;150;106;1;150;115;    
36.841;    ;0;318;62;-2;98;50;1;364;172;11;98;48;    ;0;500;246;1;500;162;    ;0;150;106;1;150;115;    
36.877;    ;0;318;62;-1;98;50;1;364;172;11;98;48;    ;0;500;246;1;500;159;    ;0;150;106;1;150;115;    
36.913;    ;0;318;62;-1;98;50;1;364;172;11;98;48;    ;0;500;249;1;500;159;    ;0;150;106;1;150;115;    
36.952;    ;0;318;62;-1;98;50;1;364;172;11;98;48;    ;0;500;246;1;500;159;    ;0;150;106;1;150;115;    
36.989;    ;0;318;62;-1;98;50;1;364;172;11;98;48;    ;0;500;246;1;500;159;    ;0;150;106;1;150;115;    
37.026;    ;0;318;62;-2;98;50;1;364;172;11;98;48;    ;0;500;246;1;500;162;    ;0;150;106;1;150;115;    
37.064;    ;0;318;62;-2;98;50;1;364;172;11;98;48;    ;0;500;246;1;500;162;    ;0;150;106;1;150;115;    
37.100;    ;0;318;62;-2;98;50;1;364;172;11;98;48;    ;0;500;246;1;500;159;    ;0;150;106;1;150;115;    
37.138;    ;0;318;62;-1;98;50;1;364;172;11;98;48;    ;0;500;246;1;500;159;    ;0;150;106;1;150;115;    
37.175;    ;0;318;62;-1;98;50;1;364;172;11;98;48;    ;0;500;246;1;500;159;    ;0;150;106;1;150;115;    
37.212;    ;0;318;62;-1;98;50;1;364;172;11;98;48;    ;0;500;246;1;500;159;    ;0;150;106;1;150;115;    
37.249;    ;0;318;62;-2;98;50;1;364;172;11;98;48;    ;0;500;246;1;500;159;    ;0;150;106;1;150;115;    
37.286;    ;0;318;62;-2;98;50;1;364;172;11;98;48;    ;0;500;249;1;500;159;    ;0;150;106;1;150;115;    
37.322;    ;0;318;62;-2;98;50;1;364;172;11;98;48;    ;0;500;246;1;500;159;    ;0;150;106;1;150;115;    
37.358;    ;0;318;62;-1;98;50;1;364;172;11;98;48;    ;0;500;249;1;500;159;    ;0;150;106;1;150;115;    
37.395;    ;0;318;62;-1;98;50;1;364;172;11;98;48;    ;0;500;246;1;500;162;    ;0;150;106;1;150;115;    
37.432;    ;0;318;62;-1;98;50;1;364;172;11;98;48;    ;0;500;249;1;500;159;    ;0;150;106;1;150;115;    
37.468;    ;0;318;62;-1;98;50;1;364;172;11;98;48;    ;0;500;246;1;500;162;    ;0;150;106;1;150;115;    
37.503;    ;0;318;62;-1;98;50;1;364;172;11;98;48;    ;0;500;246;1;500;159;    ;0;150;106;1;150;115;    
37.540;    ;0;318;62;-2;98;50;1;364;172;11;98;48;    ;0;500;246;1;500;162;    ;0;150;106;1;150;115;    
37.575;    ;0;318;62;-1;98;50;1;364;172;11;98;48;    ;0;500;246;1;500;159;    ;0;150;106;1;150;115;    
37.611;    ;0;318;62;-2;98;50;1;364;172;11;98;48;    ;0;500;249;1;500;159;    ;0;150;106;1;150;115;    
37.648;    ;0;318;62;-2;98;50;1;364;172;11;98;48;    ;0;500;246;1;500;162;    ;0;150;106;1;150;115;    
37.683;    ;0;318;62;-1;98;50;1;364;172;11;98;48;    ;0;500;246;1;500;159;    ;0;150;106;1;150;115;    
37.718;    ;0;318;62;-1;98;50;1;364;172;11;98;48;    ;0;500;246;1;500;162;    ;0;150;106;1;150;115;    
37.754;    ;0;318;62;-1;98;50;1;364;172;11;98;48;    ;0;500;246;1;500;159;    ;0;150;106;1;150;115;    
37.789;    ;0;318;62;-2;98;50;1;364;172;11;98;48;    ;0;500;246;1;500;159;    ;0;150;106;1;150;115;    
37.828;    ;0;318;62;-1;98;50;1;364;172;11;98;48;    ;0;500;246;1;500;162;    ;0;150;106;1;150;115;    
37.865;    ;0;318;62;-2;98;50;1;364;172;11;98;48;    ;0;500;246;1;500;159;    ;0;150;106;1;150;115;    
37.900;    ;0;318;62;-1;98;50;1;364;172;11;98;48;    ;0;500;246;1;500;159;    ;0;150;106;1;150;115;    
37.936;    ;0;318;62;-1;98;50;1;364;172;11;98;48;    ;0;500;246;1;500;161;    ;0;150;106;1;150;115;    
37.973;    ;0;318;62;-2;98;50;1;364;172;11;98;48;    ;0;500;246;1;500;159;    ;0;150;106;1;150;115;    
38.010;    ;0;318;62;-2;98;50;1;364;172;11;98;48;    ;0;500;249;1;500;159;    ;0;150;106;1;150;115;    
38.047;    ;0;318;62;-1;98;50;1;364;172;11;98;48;    ;0;500;246;1;500;159;    ;0;150;106;1;150;115;    
38.084;    ;0;318;62;-1;98;50;1;364;172;11;98;48;    ;0;500;246;1;500;162;    ;0;150;106;1;150;115;    
38.123;    ;0;318;62;-1;98;50;1;364;172;11;98;48;    ;0;500;245;1;500;161;    ;0;150;106;1;150;115;    
