2.974;530;203;300;200
2.994;530;203;200;199
3.028;530;203;200;199
3.063;530;203;200;199
3.095;530;204;200;199
3.131;531;203;200;199
3.162;530;204;200;199
3.195;531;203;200;199
3.230;530;203;200;199
3.262;531;203;200;199
3.294;531;203;200;199
3.330;531;203;200;199
3.362;531;204;200;199
3.394;531;203;200;199
3.430;530;204;200;199
3.460;531;204;200;199
3.492;531;204;200;199
3.530;531;203;200;199
3.562;530;204;200;199
3.595;530;203;200;199
3.630;531;204;200;199
3.662;530;204;200;199
3.695;531;204;200;199
3.729;531;204;200;199
3.762;530;203;200;199
3.794;530;203;200;199
3.831;531;203;200;199
3.863;530;203;200;199
3.895;530;203;200;199
3.930;531;203;200;199
3.963;530;203;200;199
3.995;531;204;200;199
4.031;530;204;200;199
4.063;530;203;200;199
4.095;530;203;200;199
4.130;531;203;200;199
4.163;530;203;200;199
4.195;531;203;200;199
4.230;531;203;200;199
4.263;531;203;200;199
4.294;531;204;200;199
4.330;530;203;200;199
4.363;530;203;200;199
4.395;531;203;200;199
4.430;530;203;200;199
4.468;530;203;200;199
4.497;531;204;200;199
4.530;531;203;200;199
4.563;531;203;200;199
4.596;531;203;200;199
4.631;531;204;200;199
4.663;531;203;200;199
4.695;530;204;200;199
4.731;531;203;200;199
4.762;530;204;200;199
4.794;530;204;200;199
4.830;531;204;200;199
4.863;531;203;200;199
4.893;531;204;200;199
4.930;530;203;200;199
4.962;530;204;200;199
4.994;530;203;200;199
5.031;530;204;200;199
5.062;530;203;200;199
5.095;531;204;200;199
5.131;531;203;200;199
5.163;530;203;200;199
5.195;531;203;200;199
5.231;531;203;200;199
5.263;531;203;200;199
5.295;530;204;200;199
5.331;531;203;200;199
5.363;531;203;200;199
5.395;531;203;200;199
5.432;531;204;200;199
5.463;531;203;200;199
5.495;531;204;200;199
5.531;531;203;200;199
5.563;531;203;200;199
5.595;531;203;200;199
5.632;531;204;200;199
5.663;530;203;200;199
5.695;530;204;200;199
5.731;530;203;200;199
5.763;530;204;200;199
5.795;531;204;200;199
5.831;530;204;200;199
5.863;530;203;200;199
5.895;531;203;200;199
5.931;530;204;200;199
5.963;530;203;200;199
5.995;531;203;200;199
6.031;530;203;200;199
6.063;531;203;200;199
6.095;530;203;200;199
6.132;531;203;200;199
6.163;531;203;200;199
6.195;531;203;200;199
6.231;530;203;200;199
6.263;531;203;200;199
6.295;531;204;200;199
6.331;531;204;200;199
6.363;531;204;200;199
6.395;531;203;200;199
6.431;531;203;200;199
6.463;531;203;200;199
6.495;530;203;200;199
6.531;530;203;200;199
6.563;530;203;200;199
6.595;530;203;200;199
6.632;531;204;200;199
6.664;531;203;200;199
6.695;530;204;200;199
6.731;530;203;200;199
6.763;530;203;200;199
6.795;530;203;200;199
6.831;530;204;200;199
6.863;530;203;200;199
6.895;531;204;200;199
6.931;531;204;200;199
6.963;531;203;200;199
6.995;531;203;200;199
7.031;531;203;200;199
7.063;530;203;200;199
7.095;530;204;200;199
7.132;531;203;200;199
7.164;531;203;200;199
7.196;531;203;200;199
7.231;531;203;200;199
7.263;531;203;200;199
7.296;531;203;200;199
7.332;531;203;200;199
7.364;530;203;200;199
7.395;531;204;200;199
7.431;531;203;200;199
7.463;531;203;200;199
7.495;530;203;200;199
7.531;531;204;200;199
7.563;530;203;200;199
7.595;530;203;200;199
7.631;531;203;200;199
7.664;530;203;200;199
7.695;530;203;200;199
7.731;531;204;200;199
7.763;531;204;200;199
7.795;530;203;200;199
7.831;531;204;200;199
7.863;530;203;200;199
7.896;531;203;200;199
7.931;530;203;200;199
7.963;531;203;200;199
7.995;531;203;200;199
8.032;531;203;200;199
8.064;531;203;200;198
8.096;531;203;200;198
8.131;531;203;200;305
8.164;530;203;200;305
8.195;531;203;200;305
8.231;530;203;200;305
8.263;531;203;200;305
8.295;531;203;200;305
8.331;531;203;200;305
8.363;531;203;200;305
8.395;530;203;200;305
8.431;530;203;200;305
8.463;530;203;200;305
8.495;530;204;200;305
8.531;530;203;200;305
8.563;530;203;200;305
8.595;530;204;200;305
8.631;530;203;200;305
8.663;530;204;200;305
8.696;530;204;200;305
8.731;530;204;200;305
8.763;530;203;200;305
8.795;530;204;200;305
8.831;530;204;200;305
8.863;530;203;200;305
8.895;530;203;200;305
8.931;530;203;200;305
8.963;530;203;200;305
8.995;530;203;200;305
9.031;530;203;200;305
9.063;530;203;200;305
9.095;530;203;200;305
9.131;530;203;200;305
9.163;530;203;200;305
9.195;530;203;200;305
9.232;530;203;200;305
9.263;530;203;200;305
9.295;530;203;200;305
9.331;530;203;200;305
9.363;530;204;200;305
9.395;530;204;200;305
9.435;530;203;200;305
9.464;530;203;200;305
9.495;530;203;200;305
9.532;530;204;200;305
9.563;530;204;200;305
9.595;530;204;200;305
9.631;530;204;200;305
9.664;530;203;200;305
9.696;530;204;200;305
9.732;530;204;200;305
9.763;530;204;200;305
9.796;530;203;200;305
9.832;530;204;200;305
9.864;530;203;200;305
9.896;530;203;200;305
9.931;530;204;200;305
9.963;530;203;200;305
9.995;530;203;200;305
10.031;530;203;200;305
10.063;530;203;200;305
10.095;530;203;200;305
10.131;530;203;200;305
10.163;530;203;200;305
10.195;530;203;200;305
10.231;530;203;200;305
10.264;530;203;200;305
10.296;530;203;200;305
10.332;530;203;200;305
10.363;530;203;200;305
10.396;530;204;200;305
10.432;530;203;200;305
10.463;530;203;200;305
10.496;530;203;200;305
10.531;530;203;200;305
10.564;530;203;200;305
10.595;530;203;200;305
10.632;530;204;200;305
10.664;530;203;200;305
10.695;530;203;200;305
10.732;531;204;200;305
10.764;531;203;200;305
10.796;531;204;200;305
10.831;531;204;200;305
10.864;531;204;200;305
10.896;531;203;200;305
10.932;531;203;200;305
10.963;531;203;200;305
10.995;531;203;200;305
11.031;531;203;200;305
11.064;531;203;200;305
11.096;531;203;200;305
11.132;531;203;200;305
11.164;531;203;200;305
11.195;531;203;200;305
11.231;531;203;200;305
11.263;530;203;200;305
11.296;530;203;200;305
11.332;530;203;200;305
11.364;531;203;200;305
11.396;531;203;200;305
11.431;531;204;200;305
11.463;531;204;200;305
11.495;531;204;200;305
11.531;531;203;200;305
11.563;531;204;200;305
11.595;531;204;200;305
11.631;531;204;200;305
11.663;531;203;200;305
11.695;531;203;200;305
11.731;531;204;200;305
11.763;531;203;200;305
11.795;531;203;200;305
11.831;531;203;200;305
11.863;531;203;200;305
11.895;531;203;200;305
11.931;531;203;200;305
11.963;531;203;200;305
11.994;531;203;200;305
12.030;531;203;200;305
12.063;531;204;200;305
12.095;531;203;200;305
12.132;531;203;200;305
12.163;531;203;200;305
12.195;531;203;200;305
12.231;531;203;200;305
12.263;531;203;200;305
12.295;531;203;200;305
12.331;531;203;200;305
12.364;531;203;200;305
12.395;531;204;200;305
12.431;531;203;200;305
12.463;531;203;200;305
12.495;531;204;200;305
12.531;531;204;200;305
12.563;531;203;200;305
12.595;531;204;200;305
12.631;531;204;200;305
12.663;531;203;200;305
12.695;531;203;200;305
12.731;531;204;200;305
12.763;531;203;200;199
12.795;531;203;200;198
12.831;531;204;200;199
12.863;531;203;200;199
12.896;531;203;200;198
12.931;531;203;200;305
12.963;531;204;200;305
12.995;531;203;200;305
13.031;531;203;200;305
13.063;531;204;200;305
13.095;531;203;200;198
13.131;531;203;200;199
13.163;531;203;200;199
13.195;530;204;200;198
13.231;530;203;200;305
13.263;531;203;200;305
13.295;531;204;200;305
13.331;531;204;200;305
13.363;531;203;200;305
13.395;530;203;200;305
13.431;530;204;200;305
13.463;531;203;200;305
13.495;530;204;200;305
13.531;530;204;200;305
13.563;530;203;200;305
13.595;530;203;200;305
13.631;530;204;200;305
13.663;530;203;200;305
13.695;530;203;200;305
13.731;530;203;200;305
13.763;530;203;200;305
13.795;530;203;200;305
13.832;531;203;200;305
13.863;530;203;200;305
13.901;530;203;200;305
13.931;530;203;200;305
13.963;531;203;200;305
13.994;531;203;200;305
14.030;531;203;200;305
14.063;530;203;200;305
14.094;531;203;200;305
14.130;531;203;200;305
14.163;531;203;200;305
14.195;531;203;200;305
14.230;531;203;200;305
14.263;531;203;200;305
14.295;531;203;200;305
14.330;531;203;200;305
14.362;531;203;200;305
14.395;531;204;200;305
14.430;531;203;200;305
14.463;531;204;200;305
14.495;531;203;200;305
14.530;531;204;200;305
14.562;531;203;200;305
14.594;531;204;200;305
14.630;531;203;200;305
14.662;531;204;200;305
14.695;531;203;200;305
14.731;531;204;200;305
14.762;531;203;200;305
14.794;531;203;200;305
14.831;531;203;200;305
14.863;531;203;200;305
14.895;531;203;200;305
14.931;531;203;200;305
14.963;531;203;200;305
14.994;531;203;200;305
15.031;531;203;200;305
15.062;531;203;200;305
15.094;531;204;200;305
15.131;531;203;200;305
15.163;531;204;200;305
15.195;531;204;200;305
15.231;531;203;200;305
15.263;531;203;200;305
15.295;531;204;200;305
15.331;531;204;200;305
15.363;531;203;200;305
15.395;531;204;200;305
15.430;531;203;200;305
15.463;531;204;200;305
15.495;531;204;200;305
15.530;530;203;200;305
15.563;530;203;200;305
15.594;531;204;200;305
15.629;530;204;200;305
15.663;531;203;200;305
15.695;530;203;200;305
15.730;530;204;200;305
15.762;530;203;200;305
15.795;531;203;200;305
15.829;531;203;200;305
15.862;531;203;200;305
15.894;531;203;200;305
15.930;531;203;200;305
15.962;531;203;200;305
15.995;531;203;200;305
16.031;531;203;200;305
16.063;531;203;200;305
16.095;531;203;200;305
16.132;531;203;200;305
16.163;531;203;200;305
16.195;531;203;200;305
16.231;531;203;200;305
16.263;531;203;200;305
16.295;531;203;200;305
16.331;531;203;200;305
16.363;531;203;200;305
16.395;531;203;200;305
16.431;531;203;200;305
16.463;531;203;200;305
16.495;531;203;200;305
16.531;531;203;200;305
16.563;531;203;200;305
16.595;531;203;200;305
16.631;531;203;200;305
16.663;531;204;200;305
16.695;531;203;200;305
16.731;531;203;200;305
16.763;531;203;200;305
16.795;531;203;200;305
16.832;531;203;200;305
16.862;531;203;200;305
16.894;531;203;200;305
16.931;531;203;200;305
16.963;531;203;200;305
16.995;531;203;200;305
17.031;531;203;200;305
17.063;531;203;200;305
17.095;531;203;200;305
17.131;531;203;200;305
17.163;531;203;200;305
17.194;530;203;200;305
17.231;531;203;200;305
17.263;531;203;200;305
17.295;531;204;200;305
17.331;531;204;200;305
17.363;531;203;200;305
17.395;531;204;200;305
17.431;531;203;200;305
17.463;531;203;200;305
17.494;531;203;200;305
17.531;531;204;200;305
17.563;531;204;200;305
17.595;531;203;200;305
17.631;531;203;200;305
17.663;531;203;200;305
17.695;531;203;200;305
17.731;531;203;200;305
17.763;531;203;200;305
17.795;531;203;200;305
17.831;531;203;200;305
17.862;531;203;200;305
17.895;531;203;200;305
17.931;531;203;200;305
17.963;531;203;200;305
17.995;531;204;200;305
18.031;531;203;200;305
18.063;531;203;200;305
18.095;531;203;200;305
18.131;531;203;200;305
18.163;531;203;200;305
18.195;531;203;200;305
18.231;531;204;200;305
18.263;531;203;200;305
18.295;531;203;200;305
18.331;531;204;200;305
18.363;531;203;200;305
18.395;531;203;200;305
18.431;531;203;200;305
18.463;531;204;200;305
18.494;531;203;200;305
18.531;531;203;200;305
18.563;531;203;200;305
18.595;531;203;200;199
18.631;531;203;200;305
18.663;531;203;200;305
18.695;531;204;200;305
18.731;531;203;200;305
18.763;531;203;200;305
18.795;531;203;200;305
18.831;531;203;200;305
18.863;531;203;200;305
18.895;531;203;200;305
18.931;530;203;200;305
18.963;531;203;200;305
18.995;531;203;200;305
19.029;530;203;200;198
19.062;530;203;200;198
19.094;531;203;200;199
19.129;530;203;200;199
19.163;530;203;200;199
19.195;531;203;200;199
19.231;531;203;200;199
19.262;531;204;200;199
19.295;531;203;200;199
19.331;531;203;200;199
19.363;531;204;200;199
19.394;531;204;200;199
19.430;531;203;200;199
19.463;531;204;200;199
19.495;531;204;200;199
19.531;531;204;200;199
19.562;531;204;200;199
19.594;531;204;200;199
19.630;530;204;200;199
19.663;531;203;200;199
19.695;531;204;200;199
19.730;531;203;200;199
19.762;531;204;200;199
19.795;531;203;200;199
19.831;531;204;200;199
19.863;531;204;200;199
19.895;531;203;200;199
19.931;531;204;200;199
19.963;531;204;200;199
19.995;531;204;200;199
20.031;531;203;200;199
20.063;531;204;200;199
20.095;531;204;200;199
20.131;531;203;200;199
20.163;531;204;200;199
20.194;531;204;200;199
20.231;531;203;200;199
20.262;531;203;200;199
20.294;531;204;200;199
20.330;531;204;200;199
20.362;531;204;200;199
20.395;531;204;200;199
20.431;531;204;200;199
20.463;531;204;200;199
20.494;531;204;200;199
20.531;531;204;200;199
20.563;531;204;200;199
20.595;531;203;200;199
20.631;531;204;200;199
20.663;531;204;200;199
20.695;531;204;200;199
20.731;531;204;200;200
20.763;531;204;200;200
20.795;531;203;200;200
20.831;531;204;200;200
20.863;531;204;200;200
20.895;531;204;200;200
20.931;531;203;200;200
20.963;531;204;200;200
20.995;531;204;200;200
21.032;531;204;200;200
21.063;531;204;200;200
21.095;531;203;200;200
21.132;531;204;200;200
21.163;531;203;200;200
21.196;531;203;200;200
21.232;531;204;200;200
21.263;531;203;200;200
21.295;531;204;200;200
21.331;531;204;200;200
21.363;531;204;200;200
21.395;531;204;200;200
21.431;531;204;200;200
21.463;531;204;200;200
21.495;531;204;200;200
21.531;531;204;200;200
21.563;531;204;200;200
21.595;531;204;200;200
21.631;531;204;200;200
21.663;531;203;200;200
21.695;531;204;200;200
21.732;531;204;200;200
21.763;531;204;200;200
21.795;531;203;200;200
21.831;531;204;200;200
21.863;531;204;200;200
21.894;531;204;200;200
21.931;531;203;200;200
21.963;531;204;200;200
21.995;531;203;200;200
22.031;531;203;200;200
22.063;531;204;200;200
22.097;531;204;200;200
22.131;531;203;200;200
22.163;531;204;200;200
22.195;531;204;200;200
22.231;531;204;200;200
22.263;531;203;200;200
22.295;531;204;200;200
22.331;531;204;200;200
22.363;531;204;200;200
22.395;530;203;200;200
22.431;531;204;200;200
22.463;531;204;200;200
22.495;531;204;200;200
22.531;531;204;200;200
22.563;531;204;200;200
22.595;531;203;200;200
22.631;531;204;200;200
22.663;531;204;200;200
22.695;531;204;200;200
22.731;531;204;200;200
22.764;530;204;200;200
22.796;531;204;200;200
22.832;531;203;200;200
22.863;531;203;200;200
22.895;531;204;200;200
22.931;531;203;200;200
22.963;531;203;200;200
22.995;531;204;200;200
23.031;531;203;200;200
23.063;531;203;200;200
23.096;531;204;200;200
23.131;530;203;200;200
23.163;531;203;200;200
23.195;531;204;200;200
23.230;531;204;200;200
23.263;531;203;200;200
23.295;531;204;200;200
23.330;531;204;200;200
23.362;531;204;200;200
23.395;531;204;200;200
23.431;531;204;200;200
23.463;531;204;200;200
23.495;531;204;200;200
23.531;531;203;200;200
23.563;531;203;200;200
23.595;531;203;200;200
23.630;531;203;200;200
23.662;530;203;200;200
23.695;531;204;200;200
23.731;531;203;200;200
23.763;531;204;200;200
23.796;531;204;200;200
23.831;531;204;200;200
23.863;531;203;200;200
23.895;531;204;200;200
23.931;531;203;200;200
23.963;531;203;200;200
23.995;531;204;200;200
24.032;531;204;200;200
24.063;531;204;200;200
24.095;531;204;200;200
24.131;531;204;200;200
24.163;531;204;200;200
24.195;531;204;200;200
24.232;531;204;200;200
24.263;531;204;200;200
24.295;531;203;200;200
24.331;531;204;200;200
24.362;531;204;200;200
24.395;531;204;200;200
24.431;531;204;200;200
24.463;531;204;200;200
24.495;531;204;200;200
24.531;531;204;200;200
24.563;531;203;200;200
24.595;531;203;200;200
24.631;531;203;200;200
24.664;531;204;200;200
24.695;531;203;200;200
24.731;531;204;200;200
24.763;531;203;200;200
24.795;531;203;200;200
24.832;531;203;200;200
24.863;531;203;200;200
24.895;531;204;200;200
24.931;531;204;200;200
24.963;530;203;200;200
24.995;531;204;200;200
25.031;531;204;200;200
25.063;531;204;200;200
25.095;531;203;200;200
25.131;531;204;200;200
25.162;531;204;200;200
25.195;531;204;200;200
25.231;530;203;200;200
25.262;531;204;200;200
25.295;531;203;200;200
25.331;531;204;200;200
25.363;531;204;200;200
25.395;531;203;200;200
25.431;531;204;200;200
25.465;531;204;200;200
25.495;531;204;200;200
25.531;531;204;200;200
25.563;531;203;200;200
25.595;531;203;200;200
25.631;531;204;200;200
25.663;531;204;200;200
25.695;531;204;200;200
25.731;531;204;200;200
25.763;531;204;200;200
25.795;531;203;200;200
25.831;531;204;200;200
25.863;531;203;200;200
25.895;531;204;200;200
25.930;531;204;200;200
25.963;531;203;200;200
25.994;531;204;200;200
26.031;531;204;200;200
26.063;531;204;200;200
26.095;531;204;200;200
26.131;531;204;200;200
26.163;531;204;200;200
26.195;531;204;200;200
26.230;531;204;200;200
26.263;531;204;200;200
26.294;531;203;200;200
26.331;531;204;200;200
26.363;531;204;200;200
26.395;531;203;200;200
26.431;531;203;200;200
26.463;531;204;200;200
26.495;531;203;200;200
26.531;531;204;200;200
26.563;531;204;200;200
26.595;531;204;200;200
26.631;530;203;200;200
26.663;531;204;200;200
26.695;531;204;200;200
26.731;531;204;200;200
26.766;531;204;200;200
26.798;530;204;200;200
26.831;531;204;200;200
26.862;531;204;200;200
26.895;531;204;200;200
26.931;531;204;200;200
26.963;531;203;200;200
26.995;531;204;200;200
27.031;531;204;200;200
27.062;531;204;200;200
27.094;531;204;200;200
27.131;531;204;200;200
27.163;531;204;200;200
27.195;531;204;200;200
27.231;531;204;200;200
27.263;531;204;200;200
27.295;531;203;200;200
27.331;531;204;200;200
27.363;531;204;200;200
27.395;531;204;200;200
27.431;531;203;200;200
27.463;531;203;200;200
27.495;531;203;200;200
27.531;531;203;200;200
27.563;531;203;200;200
27.595;531;204;200;200
27.631;531;203;200;200
27.663;531;203;200;200
27.695;531;204;200;200
27.731;531;204;200;200
27.763;531;203;200;200
27.795;531;204;200;200
27.831;531;203;200;200
27.863;531;204;200;200
27.895;531;204;200;200
27.931;531;204;200;200
27.963;531;204;200;200
27.995;531;204;200;200
28.031;531;204;200;200
28.063;531;204;200;200
28.095;531;203;200;200
28.131;531;204;200;200
28.163;531;203;200;200
28.195;531;204;200;200
28.231;531;203;200;200
28.263;531;204;200;200
28.295;531;204;200;200
28.331;531;204;200;200
28.362;531;203;200;200
28.395;531;204;200;200
28.431;531;203;200;200
28.463;531;204;200;200
28.495;531;204;200;200
28.531;531;203;200;200
28.562;531;203;200;200
28.595;531;204;200;200
28.631;531;204;200;200
28.663;531;204;200;200
28.695;531;203;200;200
28.731;531;204;200;200
28.763;531;204;200;200
28.795;531;204;200;200
28.831;531;204;200;200
28.863;531;204;200;200
28.895;531;204;200;200
28.931;531;204;200;200
28.963;531;204;200;200
28.995;531;204;200;200
29.031;531;204;200;200
29.063;531;204;200;200
29.095;531;204;200;200
29.131;531;204;200;200
29.163;531;204;200;200
29.195;531;204;200;200
29.231;531;204;200;200
29.263;531;203;200;200
29.295;531;204;200;200
29.331;531;204;200;200
29.363;531;203;200;200
29.395;531;204;200;200
29.431;531;204;200;200
29.463;531;203;200;200
29.495;531;203;200;200
29.531;530;203;200;200
29.563;531;203;200;200
29.594;531;203;200;200
29.631;531;203;200;200
29.663;531;204;200;200
29.695;531;204;200;200
29.731;531;204;200;200
29.763;531;204;200;200
29.795;531;203;200;200
29.831;531;203;200;200
29.863;531;204;200;200
29.895;531;203;200;200
29.931;531;203;200;200
29.962;531;204;200;200
29.995;531;204;200;200
30.031;531;204;200;200
30.063;531;204;200;200
30.094;531;204;200;200
30.131;531;204;200;200
30.163;531;204;200;200
30.195;531;204;200;200
30.231;531;203;200;200
30.263;531;204;200;200
30.295;531;203;200;200
30.331;531;204;200;200
30.363;531;203;200;200
30.395;531;204;200;200
30.431;531;203;200;200
30.463;531;204;200;200
30.494;531;203;200;200
30.530;531;203;200;200
30.562;531;203;200;200
30.593;531;203;200;200
30.631;531;203;200;200
30.663;531;204;200;200
30.695;531;203;200;200
30.730;531;203;200;200
30.762;531;203;200;200
30.795;531;204;200;200
30.831;531;204;200;200
30.863;531;204;200;200
30.895;531;203;200;200
30.931;531;204;200;200
30.963;531;203;200;200
30.995;531;204;200;200
31.029;531;204;200;200
31.062;531;204;200;200
31.094;531;203;200;200
31.129;531;204;200;200
31.163;530;204;200;200
31.195;531;204;200;200
31.231;531;203;200;200
31.263;531;204;200;200
31.295;531;203;200;200
31.331;531;203;200;200
31.362;531;203;200;200
31.394;531;204;200;200
31.429;531;203;200;200
31.463;531;204;200;200
31.495;531;203;200;200
31.531;531;203;200;200
31.563;531;203;200;200
31.599;531;204;200;200
31.631;531;203;200;200
31.663;531;204;200;200
31.695;531;204;200;200
31.731;531;204;200;200
31.763;531;203;200;200
31.795;531;204;200;200
31.831;531;204;200;200
31.862;531;204;200;200
31.895;531;204;200;200
31.930;531;204;200;200
31.962;531;204;200;200
31.995;531;204;200;200
32.029;531;203;200;200
32.062;531;204;200;200
32.095;531;204;200;200
32.131;531;204;200;200
32.163;531;204;200;200
32.195;531;204;200;200
32.231;531;203;200;200
32.263;531;204;200;200
32.294;531;203;200;200
32.331;531;203;200;200
32.363;531;203;200;200
32.395;531;203;200;200
32.431;531;203;200;200
32.463;531;204;200;200
32.495;531;204;200;200
32.531;531;204;200;200
32.564;531;203;200;200
32.595;530;204;200;200
32.632;531;204;200;200
32.662;531;204;200;200
32.695;531;204;200;200
32.731;531;204;200;200
32.763;531;203;200;200
32.795;531;204;200;200
32.832;531;204;200;200
32.863;531;204;200;200
32.895;531;204;200;200
32.932;531;204;200;200
32.963;531;204;200;200
32.995;531;203;200;200
33.032;531;203;200;200
33.062;531;204;200;200
33.095;531;203;200;200
33.130;531;203;200;200
33.162;531;204;200;200
33.195;531;203;200;200
33.232;531;203;200;200
33.263;531;203;200;200
33.295;531;203;200;200
33.332;531;203;200;200
33.363;531;203;200;200
33.395;531;204;200;200
33.432;531;203;200;200
33.463;531;203;200;200
33.495;531;203;200;200
33.531;531;204;200;200
33.563;531;203;200;200
33.595;531;204;200;200
33.631;531;204;200;200
33.664;531;204;200;200
33.695;531;203;200;200
33.732;531;204;200;200
33.763;531;204;200;200
33.795;531;204;200;200
33.831;531;204;200;200
33.863;531;204;200;200
33.895;531;204;200;200
33.931;531;203;200;200
33.963;531;204;200;200
33.995;531;204;200;200
34.031;531;203;200;200
34.063;531;204;200;200
34.095;531;204;200;200
34.131;531;203;200;200
34.163;531;203;200;200
34.196;531;204;200;200
34.231;531;203;200;200
34.263;531;203;200;200
34.295;531;203;200;200
34.331;531;203;200;200
34.363;531;203;200;200
34.395;531;204;200;200
34.431;531;204;200;200
34.463;531;204;200;200
34.495;531;203;200;200
34.531;531;204;200;200
34.563;531;204;200;200
34.595;531;204;200;200
34.631;531;204;200;200
34.663;531;204;200;200
34.695;531;203;200;200
34.732;531;204;200;200
34.763;531;203;200;200
34.795;531;204;200;200
34.832;531;203;200;200
34.863;531;204;200;200
34.895;531;204;200;200
34.931;531;204;200;200
34.964;531;203;200;199
34.995;531;204;200;199
35.035;531;204;200;199
35.063;531;203;200;200
35.095;531;204;200;200
35.130;531;204;200;100
35.162;531;203;200;100
35.195;531;204;200;100
35.232;531;203;200;100
35.264;531;203;200;100
35.296;531;203;200;100
35.332;531;203;200;100
35.364;531;204;200;100
35.396;531;203;200;100
35.432;531;204;200;100
35.464;531;204;200;100
35.496;531;203;200;100
35.530;531;204;200;100
35.562;531;204;200;100
35.594;531;204;200;100
35.630;531;203;200;100
35.662;531;204;200;100
35.695;531;204;200;100
35.732;531;204;200;100
35.763;531;204;200;100
35.796;531;204;200;100
35.831;531;204;200;100
35.864;531;204;200;100
35.895;531;203;200;100
35.932;531;204;200;100
35.963;531;203;200;100
35.994;531;204;200;100
36.029;531;203;200;100
36.062;531;204;200;100
36.094;531;203;200;100
36.129;531;204;200;100
36.162;531;203;200;100
36.195;531;204;200;100
36.230;531;203;200;100
36.263;531;204;200;100
36.296;531;204;200;100
36.332;531;204;200;100
36.363;531;203;200;100
36.395;531;204;200;100
36.432;531;203;200;100
36.464;531;203;200;100
36.495;531;204;200;100
36.532;531;204;200;100
36.563;531;203;200;100
36.595;531;203;200;100
36.632;531;204;200;100
36.664;531;204;200;100
36.696;531;203;200;100
36.732;531;204;200;100
36.763;531;204;200;100
36.796;531;204;200;100
36.832;531;203;200;100
36.864;531;204;200;100
36.896;531;204;200;100
36.932;531;203;200;100
36.963;531;203;200;100
36.995;531;204;200;100
37.031;531;203;200;100
37.064;531;203;200;100
37.095;531;203;200;100
37.131;531;203;200;100
37.163;531;203;200;100
37.195;531;204;200;100
37.231;531;204;200;100
37.262;531;203;200;100
37.296;531;203;200;100
37.332;531;203;200;100
37.364;531;203;200;100
37.395;531;203;200;100
37.431;531;203;200;100
37.464;531;203;200;100
37.495;531;203;200;100
37.531;531;203;200;100
37.563;531;204;200;100
37.595;531;204;200;100
37.632;531;204;200;100
37.664;531;203;200;100
37.696;531;204;200;100
37.731;531;203;200;100
37.763;531;204;200;100
37.796;531;203;200;100
37.832;531;204;200;100
37.864;531;203;200;100
37.894;531;204;200;100
37.930;531;203;200;100
37.962;531;204;200;100
37.994;531;203;200;100
38.030;531;204;200;100
38.062;531;203;200;100
38.095;531;204;200;100
38.129;531;203;200;100
38.162;531;204;200;100
38.197;531;203;200;100
38.229;531;204;200;100
38.262;531;203;200;100
38.295;531;204;200;100
38.330;531;204;200;100
38.363;531;204;200;100
38.393;531;204;200;100
38.430;531;204;200;100
38.462;531;204;200;100
38.493;531;203;200;100
38.529;531;204;200;100
38.562;531;204;200;100
38.594;531;204;200;100
38.628;531;204;200;100
38.661;531;204;200;100
38.695;531;204;200;100
38.730;531;204;200;100
38.762;531;204;200;100
38.795;531;204;200;100
38.829;531;204;200;100
38.862;531;203;200;100
38.895;531;203;200;100
38.930;531;203;200;100
38.963;531;204;200;100
38.995;531;203;200;100
39.029;531;204;200;100
39.062;531;203;200;100
39.095;531;204;200;100
39.130;531;203;200;100
39.162;531;204;200;100
39.195;531;203;200;100
39.230;531;203;200;100
39.263;531;203;200;100
39.295;531;204;200;100
39.330;531;203;200;100
39.362;531;204;200;100
39.395;531;203;200;100
39.430;531;204;200;100
39.463;531;203;200;100
39.494;531;204;200;100
39.531;531;203;200;100
39.562;531;204;200;100
39.595;531;203;200;100
39.631;531;203;200;100
39.662;531;203;200;100
39.695;531;204;200;100
39.731;531;203;200;100
39.762;531;203;200;100
39.795;531;203;200;100
39.829;531;204;200;100
39.862;531;203;200;100
39.895;531;204;200;100
39.931;531;203;200;100
39.963;531;203;200;100
39.995;531;203;200;100
40.031;531;203;200;100
40.063;531;203;200;100
40.095;531;203;200;100
40.131;531;203;200;100
40.163;531;203;200;100
40.195;531;203;200;100
40.231;531;203;200;100
40.262;531;203;200;100
40.295;531;204;200;100
40.331;531;204;200;100
40.362;531;204;200;100
40.395;531;204;200;100
40.431;531;204;200;100
40.462;531;204;200;100
40.495;531;204;200;100
40.531;531;204;200;100
40.562;531;204;200;100
40.595;531;204;200;100
40.631;531;203;200;100
40.662;531;203;200;100
40.695;531;204;200;100
40.730;531;204;200;100
40.763;531;203;200;100
40.795;531;203;200;100
40.831;531;204;200;100
40.863;531;203;200;100
40.895;531;203;200;100
40.929;531;204;200;100
40.962;531;204;200;100
40.995;531;203;200;100
41.029;531;204;200;100
41.061;531;203;200;100
41.095;531;203;200;100
41.131;531;203;200;100
41.162;531;204;200;100
41.195;531;203;200;100
41.231;531;204;200;100
41.262;531;203;200;100
41.295;531;204;200;100
41.329;531;203;200;100
41.362;531;204;200;100
41.394;531;203;200;100
41.429;531;204;200;100
41.462;531;203;200;100
41.495;531;203;200;100
41.530;531;203;200;100
41.562;531;204;200;100
41.595;531;203;200;100
41.630;531;203;200;100
41.662;531;203;200;100
41.694;531;204;200;100
41.729;531;204;200;100
41.762;531;204;200;100
41.794;531;204;200;100
41.829;531;204;200;100
41.862;531;203;200;100
41.901;531;204;200;100
41.929;531;203;200;100
41.961;531;204;200;100
41.994;531;203;200;100
42.029;531;204;200;100
42.061;531;204;200;100
42.095;531;203;200;100
42.131;531;204;200;100
42.162;531;204;200;100
42.195;531;203;200;100
42.229;531;203;200;100
42.263;531;203;200;100
42.295;531;203;200;100
42.332;531;204;200;100
42.363;531;204;200;100
42.395;531;203;200;100
42.431;531;204;200;100
42.463;531;204;200;100
42.495;531;204;200;100
42.531;531;204;200;100
42.563;531;204;200;100
42.596;531;203;200;100
42.630;531;203;200;100
42.662;531;204;200;100
42.696;531;203;200;100
42.730;531;203;200;100
42.762;531;203;200;100
42.796;531;203;200;100
42.830;531;203;200;100
42.862;531;203;200;100
42.895;531;203;200;100
42.930;531;203;200;100
42.963;531;203;200;100
42.995;531;203;200;100
43.031;531;203;200;100
43.062;531;203;200;100
43.095;531;203;200;100
43.130;531;203;200;100
43.162;531;203;200;100
43.195;531;203;200;100
43.230;531;203;200;100
43.262;531;203;200;100
43.295;531;203;200;100
43.331;531;203;200;100
43.363;531;203;200;100
43.396;531;203;200;100
43.430;531;203;200;100
43.463;531;203;200;100
43.496;531;203;200;100
43.530;531;203;200;100
43.563;531;203;200;100
43.595;531;203;200;100
43.631;531;203;200;100
43.663;531;203;200;100
43.696;531;203;200;100
43.730;531;203;200;100
43.763;531;203;200;100
43.795;531;203;200;100
43.832;531;203;200;100
43.863;531;203;200;100
43.895;531;203;200;100
43.930;531;203;200;100
43.964;531;203;200;100
43.996;531;203;200;100
44.030;531;203;200;100
44.063;531;203;200;100
44.095;531;203;200;100
44.130;531;203;200;100
44.163;531;203;200;100
44.195;531;203;200;100
44.230;531;203;200;100
44.263;531;203;200;100
44.295;531;203;200;100
44.329;531;203;200;199
44.363;531;203;200;199
44.395;531;203;200;100
44.430;531;203;200;100
44.463;531;203;200;100
44.495;531;203;200;100
44.531;531;203;200;100
44.562;531;203;200;100
44.595;531;203;200;100
44.632;531;203;200;100
44.663;531;203;200;100
44.695;531;203;200;100
44.730;531;203;200;100
44.763;531;203;200;100
44.795;531;203;200;100
44.832;531;203;200;100
44.863;531;203;200;200
44.895;531;203;200;200
44.929;531;203;200;199
44.962;531;203;200;199
44.995;531;203;200;199
45.031;531;203;200;199
45.063;531;203;200;199
45.096;531;203;200;199
45.129;531;203;200;199
45.165;531;203;200;199
45.196;531;203;200;199
45.232;531;203;200;199
45.263;531;203;200;199
45.295;531;203;200;199
45.331;531;203;200;200
45.363;531;203;200;200
45.395;531;203;200;200
45.431;531;203;200;200
45.463;531;203;200;200
45.495;531;203;200;200
45.531;531;203;200;200
45.563;531;203;200;200
45.595;531;203;200;200
45.631;531;203;200;200
45.663;531;203;200;200
45.695;531;203;200;200
45.731;531;203;200;200
45.762;531;203;200;200
45.794;531;203;200;200
45.831;531;203;200;200
45.863;531;203;200;200
45.895;531;203;200;200
45.931;531;203;200;200
45.963;531;203;200;200
45.995;531;203;200;200
46.031;531;203;200;200
46.063;531;203;200;200
46.095;531;203;200;200
46.131;531;203;200;200
46.163;531;203;200;200
46.195;531;203;200;200
46.234;531;203;200;200
46.263;531;203;200;200
46.295;531;203;200;200
46.331;531;203;200;200
46.363;531;203;200;200
46.395;531;203;200;200
46.431;531;203;200;200
46.463;531;203;200;200
46.495;531;203;200;200
46.531;531;203;200;200
46.563;531;203;200;200
46.595;531;203;200;200
46.631;531;203;200;200
46.663;531;203;200;200
46.696;531;203;200;200
46.731;531;203;200;200
46.763;531;203;200;200
46.795;531;203;200;200
46.831;531;203;200;200
46.864;531;203;200;200
46.895;531;203;200;200
46.932;531;203;200;200
46.963;531;203;200;200
46.996;531;203;200;200
47.032;531;203;200;200
47.064;531;203;200;200
47.095;531;203;200;200
47.131;531;203;200;200
47.164;531;203;200;200
47.196;531;203;200;200
47.232;531;203;200;200
47.263;531;203;200;200
47.296;531;203;200;200
47.331;531;203;200;200
47.364;531;203;200;200
47.395;531;203;200;200
47.432;531;203;200;200
47.463;531;203;200;200
47.495;531;203;200;200
47.532;531;203;200;200
47.563;531;203;200;200
47.596;531;203;200;200
47.631;531;203;200;200
47.663;531;203;200;200
47.696;531;203;200;200
47.732;531;203;200;200
47.764;531;203;200;200
47.795;531;203;200;200
47.832;531;203;200;200
47.864;531;203;200;200
47.896;531;203;200;200
47.932;531;203;200;200
47.964;531;203;200;200
47.995;531;203;200;200
48.029;531;203;200;200
48.062;531;203;200;200
48.095;531;203;200;200
48.129;531;203;200;200
48.164;531;203;200;200
48.196;531;203;200;200
48.232;531;203;200;200
48.263;531;203;200;200
48.295;531;203;200;200
48.330;531;203;200;200
48.363;531;203;200;200
48.395;531;203;200;200
48.432;531;203;200;200
48.464;531;203;200;200
48.496;531;203;200;200
48.530;531;203;200;200
48.562;531;203;200;200
48.595;531;203;200;200
48.629;531;203;200;200
48.662;531;203;200;200
48.694;531;203;200;200
48.729;531;203;200;200
48.762;531;203;200;200
48.795;531;203;200;200
48.829;531;203;200;200
48.861;531;203;200;200
48.895;531;203;200;200
48.929;531;203;200;200
48.961;531;203;200;200
48.995;531;203;200;200
49.029;531;203;200;200
49.062;531;203;200;200
49.095;531;203;200;200
49.130;531;203;200;200
49.162;531;203;200;200
49.195;531;203;200;200
49.229;531;203;200;200
49.263;531;203;200;200
49.295;531;203;200;200
49.329;531;203;200;200
49.362;531;203;200;200
49.395;531;203;200;200
49.430;531;203;200;200
49.462;531;203;200;200
49.495;531;203;200;200
49.531;531;203;200;200
49.563;531;203;200;200
49.595;531;203;200;200
49.629;531;203;200;200
49.662;531;203;200;200
49.695;531;203;200;200
49.731;531;203;200;200
49.763;531;203;200;200
49.795;531;203;200;200
49.831;531;203;200;200
49.863;531;203;200;200
49.895;531;203;200;200
49.931;531;203;200;200
49.963;531;203;200;200
49.995;531;203;200;200
50.031;531;203;200;200
50.063;531;203;200;200
50.095;531;203;200;200
50.131;531;203;200;200
50.163;531;203;200;200
50.195;531;203;200;200
50.231;531;203;200;200
50.263;531;203;200;200
50.295;531;203;200;200
50.331;531;203;200;200
50.363;531;203;200;200
50.395;531;203;200;200
50.431;531;203;200;200
50.463;531;203;200;200
50.495;531;203;200;200
50.531;531;203;200;200
50.563;531;203;200;200
50.595;531;203;200;200
50.632;531;203;200;200
50.663;531;203;200;200
50.695;531;203;200;200
50.731;531;203;200;200
50.763;531;203;200;200
50.795;531;203;200;200
50.831;531;203;200;200
50.863;531;203;200;200
50.895;531;203;200;200
50.931;531;203;200;200
50.963;531;203;200;200
50.995;531;203;200;200
51.031;531;203;200;200
51.063;531;203;200;200
51.095;531;203;200;200
51.131;531;203;200;200
51.163;531;203;200;200
51.195;531;203;200;200
51.231;531;203;200;200
51.264;531;203;200;200
51.295;531;203;200;200
51.331;531;203;200;200
51.363;531;203;200;200
51.395;531;203;200;200
51.431;531;203;200;200
51.463;531;203;200;200
51.495;531;203;200;200
51.531;531;203;200;200
51.563;531;203;200;200
51.595;531;203;200;200
51.631;531;203;200;200
51.663;531;203;200;200
51.695;531;203;200;200
51.731;531;203;200;200
51.763;531;203;200;200
51.795;531;203;200;200
51.831;531;203;200;200
51.863;531;203;200;200
51.895;531;203;200;200
51.931;531;203;200;200
51.963;531;203;200;200
51.995;531;203;200;200
52.031;531;203;200;200
52.063;531;203;200;200
52.095;531;203;200;200
52.131;531;203;200;200
52.163;531;204;200;200
52.195;531;203;200;200
52.231;531;203;200;200
52.263;531;203;200;200
52.295;531;203;200;200
52.331;531;203;200;200
52.363;531;203;200;200
52.395;531;203;200;200
52.431;531;204;200;200
52.463;531;203;200;200
52.495;531;203;200;200
52.531;531;203;200;200
52.563;531;203;200;200
52.595;531;203;200;200
52.631;531;203;200;200
52.663;531;203;200;200
52.695;531;203;200;200
52.731;531;203;200;200
52.763;531;203;200;200
52.795;531;203;200;200
52.831;531;203;200;200
52.863;531;203;200;200
52.895;531;203;200;200
52.936;531;203;200;200
52.965;531;203;200;200
52.995;531;203;200;200
53.031;531;203;200;200
53.063;531;203;200;200
53.095;531;203;200;200
53.131;531;203;200;200
53.163;531;203;200;200
53.195;531;203;200;200
53.231;531;203;200;200
53.263;531;203;200;199
53.295;531;203;200;199
53.331;531;203;200;199
53.363;531;203;200;199
53.395;531;203;200;199
53.431;531;203;200;199
53.463;531;203;200;199
53.495;531;203;200;199
53.531;531;203;200;199
53.563;531;203;200;199
53.595;531;203;200;199
53.631;531;203;200;199
53.663;531;203;200;199
53.695;531;203;200;199
53.731;531;203;200;199
53.763;531;203;200;199
53.795;531;203;200;199
53.831;531;203;200;199
53.863;531;203;200;199
53.895;531;203;200;199
53.934;531;203;200;199
53.964;531;203;200;199
53.995;531;203;200;199
54.032;531;203;200;199
54.063;531;203;200;199
54.095;531;203;200;199
54.131;531;203;200;199
54.163;531;203;200;199
54.195;531;203;200;199
54.231;531;203;200;199
54.263;531;203;200;200
54.295;531;203;200;200
54.331;531;203;200;200
54.363;531;203;200;200
54.395;531;203;200;200
54.431;531;203;200;200
54.464;531;203;200;200
54.495;531;203;200;200
54.531;531;203;200;200
54.563;531;203;200;200
54.595;531;203;200;200
54.632;531;203;200;200
54.663;531;203;200;200
54.695;531;203;200;200
54.731;531;203;200;200
54.763;531;203;200;200
54.795;531;203;200;200
54.831;531;203;200;200
54.862;531;203;200;200
54.895;531;203;200;200
54.932;531;203;200;200
54.963;531;203;200;200
54.996;531;203;200;200
55.032;531;203;200;200
55.064;531;203;200;200
55.095;531;203;200;200
55.132;531;203;200;200
55.163;531;203;200;200
55.195;531;203;200;200
55.232;531;203;200;200
55.263;531;203;200;200
55.295;531;203;200;200
55.331;531;203;200;200
55.363;531;203;200;200
55.395;531;203;200;200
55.432;531;203;200;200
55.463;531;203;200;200
55.496;531;203;200;200
55.532;531;203;200;200
55.563;531;203;200;200
55.595;531;203;200;200
55.631;531;203;200;200
55.663;531;203;200;200
55.695;531;203;200;200
55.731;531;203;200;200
55.764;531;203;200;200
55.795;531;203;200;200
55.832;531;203;200;200
55.863;531;203;200;200
55.896;531;203;200;200
55.931;531;203;200;200
55.964;531;203;200;200
55.996;531;203;200;200
56.032;531;203;200;200
56.064;531;203;200;200
56.096;531;203;200;200
56.132;531;203;200;200
56.164;531;203;200;200
56.195;531;203;200;200
56.231;531;203;200;200
56.263;531;203;200;200
56.295;531;203;200;200
56.331;531;203;200;200
56.363;531;203;200;200
56.395;531;203;200;200
56.431;531;203;200;200
56.463;531;203;200;200
56.495;531;203;200;200
56.531;531;203;200;200
56.563;531;203;200;200
56.595;531;203;200;200
56.631;531;203;200;200
56.663;531;203;200;200
56.695;531;203;200;200
56.732;531;203;200;200
56.764;531;203;200;200
56.796;531;203;200;200
56.832;531;203;200;200
56.864;531;203;200;200
56.895;531;203;200;200
56.931;531;203;200;200
56.963;531;203;200;200
56.995;531;203;200;200
57.031;531;203;200;199
57.063;531;203;200;199
57.095;531;203;200;199
57.131;531;203;200;199
57.163;531;203;200;199
57.195;531;203;200;199
57.231;531;204;200;199
57.263;531;203;200;199
57.295;531;203;200;199
57.331;531;203;200;199
57.363;531;203;200;199
57.395;531;203;200;199
57.431;531;203;200;199
57.463;531;203;200;199
57.495;531;203;200;199
57.531;531;203;200;199
57.563;531;203;200;199
57.595;531;203;200;199
57.632;531;203;200;199
57.663;531;203;200;199
57.695;531;203;200;199
57.731;531;203;200;199
57.763;531;203;200;199
57.795;531;203;200;199
57.831;531;203;200;199
57.863;531;203;200;199
57.895;531;203;200;199
57.931;531;203;200;199
57.963;531;203;200;199
57.995;531;203;200;199
58.031;531;203;200;199
58.063;531;203;200;199
58.095;531;203;200;199
58.131;531;203;200;199
58.163;531;203;200;199
58.195;531;203;200;199
58.231;531;203;200;199
58.263;531;203;200;199
58.295;531;203;200;199
58.331;531;203;200;199
58.363;531;203;200;199
58.395;531;203;200;199
58.431;531;203;200;199
58.463;531;203;200;199
58.495;531;203;200;199
58.531;531;203;200;199
58.563;531;203;200;199
58.595;531;203;200;199
58.631;531;203;200;199
58.663;531;203;200;199
58.695;531;203;200;199
58.731;531;203;200;199
58.763;531;203;200;199
58.795;531;203;200;199
58.831;531;203;200;199
58.863;531;203;200;199
58.895;531;203;200;199
58.931;531;203;200;199
58.962;531;203;200;199
58.995;531;203;200;199
59.031;531;203;200;199
59.063;531;203;200;199
59.095;531;203;200;199
59.131;531;203;200;199
59.163;531;203;200;199
59.195;531;203;200;199
59.231;531;203;200;199
59.263;531;203;200;199
59.295;531;203;200;199
59.332;531;203;200;199
59.363;531;203;200;199
59.395;531;203;200;199
59.431;531;203;200;199
59.463;531;203;200;199
59.495;531;203;200;199
59.531;531;203;200;199
59.563;531;203;200;199
59.595;531;203;200;199
59.631;531;203;200;199
59.663;531;203;200;199
59.695;531;203;200;199
59.731;531;203;200;199
59.763;531;203;200;199
59.795;531;203;200;199
59.831;531;204;200;199
59.863;531;203;200;199
59.895;531;203;200;199
59.931;531;203;200;199
59.963;531;203;200;199
59.995;531;203;200;199
60.031;531;203;200;199
60.062;531;203;200;199
60.095;531;203;200;199
60.131;531;203;200;199
60.163;531;203;200;199
60.195;531;203;200;199
60.231;531;203;200;199
60.263;531;203;200;199
60.295;531;203;200;199
60.331;531;203;200;199
60.363;531;203;200;199
60.395;531;203;200;199
60.431;531;203;200;199
60.463;531;203;200;199
60.495;531;203;200;199
60.531;531;203;200;199
60.563;531;203;200;199
60.595;531;203;200;199
60.631;531;203;200;199
60.663;531;203;200;199
60.695;531;203;200;199
60.731;531;203;200;199
60.763;531;203;200;199
60.795;531;203;200;199
60.831;531;203;200;199
60.863;531;203;200;199
60.895;531;203;200;199
60.931;531;203;200;199
60.963;531;203;200;199
60.995;531;203;200;199
61.031;531;203;200;199
61.063;531;203;200;199
61.095;531;203;200;199
61.131;531;203;200;199
61.163;531;203;200;199
61.195;531;203;200;199
61.231;531;203;200;199
61.263;531;203;200;199
61.295;531;203;200;199
61.331;531;203;200;199
61.363;531;203;200;199
61.395;531;203;200;199
61.431;531;203;200;199
61.462;531;203;200;199
61.495;531;203;200;199
61.530;531;203;200;199
61.563;531;203;200;199
61.594;531;203;200;199
61.631;531;203;200;199
61.662;531;203;200;199
61.695;531;203;200;199
61.731;531;203;200;199
61.763;531;203;200;199
61.795;531;203;200;199
61.831;531;203;200;199
61.863;531;203;200;199
61.894;531;203;200;199
61.930;531;203;200;199
61.962;531;203;200;199
61.994;531;204;200;199
62.031;531;203;200;199
62.063;531;203;200;199
62.095;531;203;200;199
62.131;531;203;200;199
62.163;531;203;200;199
62.195;531;203;200;199
62.231;531;203;200;199
62.263;531;203;200;199
62.295;531;203;200;199
62.331;531;203;200;199
62.363;531;203;200;199
62.394;531;203;200;199
62.431;531;203;200;199
62.467;531;203;200;199
62.495;531;203;200;199
62.531;531;203;200;199
62.563;531;203;200;199
62.595;531;203;200;199
62.631;531;203;200;199
62.662;531;203;200;199
62.695;531;203;200;199
62.731;531;203;200;199
62.763;531;203;200;199
62.795;531;203;200;199
62.831;531;203;200;199
62.863;531;203;200;199
62.895;531;203;200;199
62.931;531;203;200;199
62.963;531;203;200;199
62.995;531;203;200;199
63.031;531;203;200;199
63.063;531;203;200;199
63.095;531;203;200;199
63.131;531;203;200;199
63.163;531;203;200;199
63.195;531;203;200;199
63.231;531;203;200;199
63.263;531;203;200;199
63.295;531;203;200;199
63.331;531;203;200;199
63.363;531;203;200;199
63.395;531;203;200;199
63.431;531;203;200;199
63.464;531;203;200;199
63.495;531;203;200;199
63.531;531;203;200;199
63.563;531;203;200;199
63.594;531;203;200;199
63.629;531;203;200;199
63.662;531;203;200;199
63.695;531;203;200;199
63.729;531;203;200;199
63.762;531;203;200;199
63.795;531;203;200;199
63.829;531;203;200;199
63.862;531;203;200;199
63.895;531;203;200;199
63.931;531;203;200;199
63.963;531;203;200;199
63.995;531;203;200;199
64.032;531;203;200;199
64.064;531;203;200;199
64.095;531;203;200;199
64.131;531;203;200;199
64.163;531;203;200;199
64.195;531;203;200;199
64.231;531;203;200;199
64.263;531;203;200;199
64.295;531;203;200;199
64.331;531;203;200;199
64.363;531;203;200;199
64.395;531;203;200;199
64.431;531;203;200;199
64.463;531;203;200;199
64.495;531;203;200;199
64.531;531;203;200;199
64.563;531;203;200;199
64.595;531;203;200;199
64.631;531;203;200;199
64.663;531;203;200;199
64.695;531;203;200;199
64.731;531;203;200;199
64.763;531;203;200;199
64.795;531;203;200;199
64.831;531;203;200;199
64.863;531;203;200;199
64.895;531;203;200;199
64.932;531;203;200;199
64.963;531;203;200;199
64.995;531;203;200;199
65.031;531;203;200;199
65.063;531;203;200;199
65.095;531;203;200;199
65.131;531;203;200;199
65.163;531;203;200;199
65.195;531;203;200;199
65.231;531;203;200;199
65.263;531;203;200;199
65.295;531;203;200;199
65.331;531;203;200;199
65.363;531;203;200;199
65.395;531;203;200;199
65.431;531;203;200;199
65.463;531;203;200;199
65.495;531;203;200;199
65.531;531;203;200;199
65.563;531;203;200;199
65.595;531;203;200;199
65.631;531;203;200;199
65.663;531;203;200;199
65.695;531;203;200;199
65.731;531;203;200;199
65.763;531;203;200;199
65.795;531;203;200;199
65.831;531;203;200;199
65.864;531;203;200;199
65.896;531;203;200;199
65.931;531;203;200;199
65.963;531;203;200;199
65.995;531;203;200;199
66.031;531;203;200;199
66.063;531;203;200;199
66.095;531;203;200;199
66.131;531;203;200;199
66.163;531;203;200;199
66.195;531;203;200;199
66.231;531;203;200;199
66.263;531;203;200;199
66.295;531;203;200;199
66.329;531;203;200;199
66.362;531;203;200;199
66.395;531;203;200;199
66.429;531;203;200;199
66.462;531;203;200;199
66.494;531;203;200;199
66.529;531;203;200;199
66.562;531;203;200;199
66.595;531;203;200;199
66.629;531;203;200;199
66.661;531;203;200;199
66.694;531;203;200;199
66.728;531;203;200;199
66.761;531;203;200;199
66.794;531;203;200;199
66.829;531;203;200;199
66.862;531;203;200;199
66.894;531;203;200;199
66.931;531;203;200;199
66.961;531;203;200;199
66.994;531;203;200;199
67.029;531;203;200;199
67.062;531;203;200;199
67.094;531;203;200;199
67.129;531;203;200;199
67.162;531;203;200;199
67.194;531;203;200;199
67.229;531;203;200;199
67.262;531;203;200;199
67.294;531;203;200;199
67.329;531;203;200;199
67.362;531;203;200;199
67.394;531;203;200;199
67.429;531;203;200;199
67.462;531;203;200;199
67.494;531;203;200;199
67.531;531;203;200;199
67.560;531;203;200;199
67.594;531;203;200;199
67.631;531;203;200;199
67.663;531;203;200;199
67.695;531;203;200;199
67.731;531;203;200;199
67.763;531;203;200;199
67.795;531;203;200;199
67.831;531;203;200;199
67.863;531;203;200;199
67.895;531;203;200;199
67.931;531;203;200;199
67.963;531;203;200;199
67.995;531;203;200;199
68.031;531;203;200;199
68.063;531;203;200;199
68.095;531;203;200;199
68.131;531;203;200;199
68.163;531;203;200;199
68.195;531;203;200;199
68.231;531;203;200;199
68.262;531;203;200;199
68.295;531;203;200;199
68.331;531;203;200;199
68.363;531;203;200;199
68.395;531;203;200;199
68.431;531;203;200;199
68.463;531;203;200;199
68.495;531;203;200;199
68.531;531;203;200;199
68.563;531;203;200;199
68.595;531;203;200;199
68.631;531;203;200;199
68.663;531;203;200;199
68.695;531;203;200;199
68.731;531;203;200;199
68.763;531;203;200;199
68.795;531;203;200;199
68.831;531;203;200;199
68.863;531;203;200;199
68.894;531;203;200;199
68.931;531;203;200;199
68.963;531;203;200;199
68.995;531;203;200;199
69.031;531;203;200;199
69.063;531;203;200;199
69.095;531;203;200;199
69.131;531;203;200;199
69.163;531;203;200;199
69.195;531;203;200;199
69.231;531;203;200;199
69.263;531;203;200;199
69.295;531;203;200;199
69.331;531;203;200;199
69.363;531;203;200;199
69.395;531;203;200;199
69.431;531;203;200;199
69.463;531;203;200;199
69.495;531;203;200;199
69.531;531;203;200;199
69.563;531;203;200;199
69.595;531;203;200;199
69.631;531;203;200;199
69.663;531;203;200;199
69.694;531;203;200;199
69.731;531;203;200;199
69.763;531;203;200;199
69.795;531;203;200;199
69.831;531;203;200;199
69.863;531;203;200;199
69.895;531;203;200;199
69.931;531;203;200;199
69.963;531;203;200;199
69.995;531;203;200;199
70.031;531;203;200;199
70.063;531;203;200;199
70.095;531;203;200;199
70.131;531;203;200;199
70.163;531;203;200;199
70.195;531;203;200;199
70.231;531;203;200;199
70.263;531;203;200;199
70.295;531;203;200;199
70.331;531;203;200;199
70.363;531;203;200;199
70.395;531;203;200;199
70.431;531;203;200;199
70.463;531;203;200;199
70.498;531;203;200;199
70.533;531;203;200;199
70.563;531;203;200;199
70.595;531;203;200;199
70.631;531;203;200;199
70.663;531;203;200;199
70.695;531;203;200;199
70.731;531;203;200;199
70.763;531;203;200;199
70.795;531;203;200;199
70.831;531;204;200;199
70.863;531;203;200;199
70.895;531;203;200;199
70.931;531;203;200;199
70.963;531;203;200;199
70.994;531;203;200;199
71.031;531;203;200;199
71.063;531;203;200;199
71.095;531;203;200;199
71.131;531;203;200;199
71.163;531;203;200;199
71.195;531;203;200;199
71.231;531;203;200;199
71.263;531;203;200;199
71.295;531;203;200;199
71.331;531;203;200;199
71.363;531;203;200;199
71.395;531;203;200;199
71.431;531;203;200;199
71.463;531;203;200;199
71.495;531;203;200;199
71.531;531;203;200;199
71.563;531;203;200;199
71.595;531;203;200;199
71.631;531;203;200;199
71.663;531;203;200;199
71.695;531;203;200;199
71.731;531;203;200;199
71.763;531;203;200;199
71.795;531;203;200;199
71.831;531;203;200;199
71.863;531;203;200;199
71.895;531;203;200;199
71.931;531;203;200;199
71.963;531;203;200;199
71.995;531;203;200;199
72.031;531;203;200;199
72.063;531;203;200;199
72.095;531;203;200;199
72.131;531;203;200;199
72.163;531;203;200;199
72.195;531;203;200;199
72.231;531;203;200;199
72.263;531;203;200;199
72.295;531;203;200;199
72.331;531;203;200;199
72.363;531;203;200;199
72.395;531;203;200;199
72.431;531;203;200;199
72.463;531;203;200;199
72.495;531;203;200;199
72.531;531;203;200;199
72.563;531;203;200;199
72.595;531;203;200;199
72.631;531;203;200;199
72.663;531;203;200;199
72.695;531;203;200;199
72.731;531;203;200;199
72.763;531;203;200;199
72.795;531;203;200;199
72.831;531;203;200;199
72.863;531;203;200;199
72.895;531;203;200;199
72.931;531;203;200;199
72.963;531;203;200;199
72.995;531;203;200;199
73.031;531;203;200;199
73.063;531;203;200;199
73.095;531;203;200;199
73.131;531;203;200;199
73.163;531;203;200;199
73.195;531;203;200;199
73.231;531;203;200;199
73.263;531;203;200;199
73.295;531;203;200;199
73.331;531;203;200;199
73.363;531;203;200;199
73.395;531;203;200;199
73.431;531;203;200;199
73.463;531;203;200;199
73.495;531;203;200;199
73.531;531;203;200;199
73.563;531;203;200;199
73.595;531;203;200;199
73.631;531;203;200;199
73.663;531;203;200;199
73.695;531;203;200;199
73.731;531;203;200;199
73.763;531;203;200;199
73.795;531;203;200;199
73.831;531;203;200;199
73.863;531;203;200;199
73.895;531;203;200;199
73.931;531;203;200;199
73.963;531;203;200;199
73.995;531;203;200;199
74.031;531;203;200;199
74.063;531;203;200;199
74.095;531;203;200;199
74.131;531;203;200;199
74.163;531;203;200;199
74.195;531;203;200;199
74.231;531;203;200;199
74.263;531;203;200;199
74.295;531;203;200;199
74.331;531;203;200;199
74.363;531;203;200;199
74.395;531;203;200;199
74.431;531;203;200;199
74.463;531;203;200;199
74.495;531;203;200;199
74.531;531;203;200;199
74.563;531;203;200;199
74.595;531;203;200;199
74.631;531;203;200;199
74.663;531;203;200;199
74.701;531;203;200;199
74.733;531;203;200;199
74.765;531;203;200;199
74.795;531;203;200;199
74.830;531;203;200;199
74.863;531;203;200;199
74.895;531;203;200;199
74.931;531;203;200;199
74.963;531;203;200;199
74.995;531;203;200;199
75.031;531;203;200;199
75.063;531;203;200;199
75.095;531;203;200;199
75.131;531;203;200;199
75.163;531;203;200;199
75.196;531;203;200;199
75.231;531;203;200;199
75.263;531;203;200;199
75.295;531;203;200;199
75.331;531;203;200;199
75.363;531;203;200;199
75.395;531;203;200;199
75.432;531;203;200;199
75.463;531;203;200;199
75.496;531;203;200;199
75.532;531;203;200;199
75.563;531;203;200;199
75.595;531;203;200;199
75.631;531;203;200;199
75.661;531;203;200;199
75.695;531;203;200;199
75.731;531;203;200;199
75.763;531;203;200;199
75.795;531;203;200;199
75.831;531;203;200;199
75.863;531;203;200;199
75.895;531;203;200;199
75.932;531;203;200;199
75.964;531;203;200;199
75.995;531;203;200;199
76.031;531;203;200;199
76.063;531;203;200;199
76.095;531;203;200;199
76.131;531;203;200;199
76.163;531;203;200;199
76.196;531;203;200;199
76.232;531;203;200;199
76.263;531;203;200;199
76.295;531;203;200;199
76.329;531;203;200;199
76.362;531;203;200;199
76.394;531;203;200;199
76.432;531;203;200;199
76.462;531;203;200;199
76.494;531;203;200;199
76.529;531;203;200;199
76.561;531;203;200;199
76.594;531;203;200;199
76.629;531;203;200;199
76.661;531;203;200;199
76.695;531;203;200;199
76.731;531;203;200;199
76.764;531;203;200;199
76.794;531;203;200;199
76.829;531;203;200;199
76.861;531;203;200;199
76.894;531;203;200;199
76.929;531;203;200;199
76.964;531;203;200;199
76.995;531;203;200;199
77.031;531;203;200;199
77.063;531;203;200;199
77.095;531;203;200;199
77.132;531;203;200;199
77.163;531;203;200;199
77.195;531;203;200;199
77.231;531;203;200;199
77.264;531;203;200;199
77.295;531;203;200;199
77.331;531;203;200;199
77.363;531;203;200;199
77.395;531;203;200;199
77.431;531;203;200;199
77.463;531;203;200;199
77.495;531;203;200;199
77.531;531;203;200;199
77.563;531;203;200;199
77.595;531;203;200;199
77.631;531;203;200;199
77.663;531;203;200;199
77.695;531;203;200;199
77.731;531;203;200;199
77.763;531;203;200;199
77.796;531;203;200;199
77.831;531;203;200;199
77.863;531;203;200;199
77.895;531;203;200;199
77.931;531;203;200;199
77.963;531;203;200;199
77.995;531;203;200;199
78.031;531;203;200;199
78.063;531;203;200;199
78.095;531;203;200;199
78.131;531;203;200;199
78.163;531;203;200;199
78.195;531;203;200;199
78.231;531;203;200;199
78.263;531;203;200;199
78.295;531;203;200;199
78.331;531;203;200;199
78.365;531;203;200;199
78.397;531;203;200;199
78.431;531;203;200;199
78.464;531;203;200;199
78.495;531;203;200;199
78.533;531;203;200;199
78.564;531;203;200;199
78.596;531;203;200;199
78.629;531;203;200;199
78.660;531;203;200;199
78.693;531;203;200;199
78.731;531;203;200;199
78.763;531;203;200;199
78.795;531;203;200;199
78.832;531;203;200;199
78.863;531;203;200;199
78.895;531;203;200;199
78.933;531;203;200;199
78.963;531;203;200;199
78.995;531;203;200;199
79.031;531;203;200;199
79.063;531;203;200;199
79.095;531;203;200;199
79.129;531;203;200;199
79.163;531;203;200;199
79.195;531;203;200;199
79.231;531;203;200;199
79.263;531;203;200;199
79.295;531;203;200;199
79.331;531;203;200;199
79.363;531;203;200;199
79.396;531;203;200;199
79.432;531;203;200;199
79.463;531;203;200;199
79.495;531;203;200;199
79.531;531;203;200;199
79.563;531;203;200;199
79.595;531;203;200;199
79.631;531;203;200;199
79.663;531;203;200;199
79.695;531;203;200;199
79.731;531;203;200;199
79.763;531;203;200;199
79.795;531;203;200;199
79.831;531;203;200;199
79.863;531;203;200;199
79.895;531;203;200;199
79.931;531;203;200;199
79.963;531;203;200;199
79.995;531;203;200;199
80.031;531;203;200;199
80.063;531;203;200;199
80.095;531;203;200;199
80.131;531;203;200;199
80.163;531;203;200;199
80.195;531;203;200;199
80.232;531;203;200;199
80.263;531;203;200;199
80.295;531;203;200;199
80.332;531;203;200;199
80.363;531;203;200;199
80.395;531;203;200;199
80.432;531;203;200;199
80.464;531;203;200;199
80.496;531;203;200;199
80.531;531;203;200;199
80.562;531;203;200;199
80.593;531;203;200;199
80.632;531;203;200;199
80.663;531;203;200;199
80.693;531;203;200;199
80.729;531;203;200;199
80.763;531;203;200;199
80.795;531;203;200;199
80.831;531;203;200;199
80.862;531;203;200;199
80.895;531;203;200;199
80.928;531;203;200;199
80.963;531;203;200;199
80.995;531;203;200;199
81.031;531;203;200;199
81.063;531;203;200;199
81.095;531;203;200;199
81.131;531;203;200;199
81.164;531;203;200;199
81.195;531;203;200;199
81.232;531;203;200;199
81.263;531;203;200;199
81.295;531;203;200;199
81.331;531;203;200;199
81.364;531;203;200;199
81.395;531;203;200;199
81.432;531;203;200;199
81.464;531;203;200;199
81.495;531;203;200;199
81.532;531;203;200;199
81.563;531;203;200;199
81.595;531;203;200;199
81.631;531;203;200;199
81.664;531;203;200;199
81.695;531;203;200;199
81.732;531;203;200;199
81.763;531;203;200;199
81.795;531;203;200;199
81.832;531;203;200;199
81.863;531;203;200;199
81.895;531;203;200;199
81.932;531;203;200;199
81.964;531;203;200;199
81.995;531;203;200;199
82.032;531;203;200;199
82.064;531;203;200;199
82.095;531;203;200;199
82.131;531;203;200;199
82.163;531;203;200;199
82.195;531;203;200;199
82.232;531;203;200;199
82.263;531;203;200;199
82.295;531;203;200;199
82.331;531;203;200;199
82.364;531;203;200;199
82.395;531;203;200;199
82.431;531;203;200;199
82.464;531;203;200;199
82.495;531;203;200;199
82.532;531;203;200;199
82.563;531;203;200;199
82.595;531;203;200;199
82.632;531;203;200;199
82.663;531;203;200;199
82.696;531;203;200;199
82.732;531;203;200;199
82.764;531;203;200;199
82.796;531;203;200;199
82.832;531;203;200;199
82.863;531;203;200;199
82.896;531;203;200;199
82.932;531;203;200;199
82.964;531;203;200;199
82.996;531;203;200;199
83.032;531;203;200;199
83.064;531;203;200;199
83.095;531;203;200;199
83.131;531;203;200;199
83.163;531;203;200;199
83.195;531;203;200;199
83.229;531;203;200;199
83.263;531;203;200;199
83.296;531;203;200;199
83.332;531;203;200;199
83.364;531;203;200;199
83.396;531;203;200;199
83.433;531;203;200;199
83.464;531;203;200;199
83.496;531;203;200;199
83.532;531;203;200;199
83.564;531;203;200;199
83.595;531;203;200;199
83.632;531;203;200;199
83.664;531;203;200;199
83.696;531;203;200;199
83.732;531;203;200;199
83.765;531;203;200;199
83.796;531;203;200;199
83.833;531;203;200;199
83.864;531;203;200;199
83.895;531;203;200;199
83.932;531;203;200;199
83.964;531;203;200;199
83.996;531;203;200;199
84.032;531;203;200;199
84.064;531;203;200;199
84.096;531;203;200;199
84.132;531;203;200;199
84.164;531;203;200;199
84.196;531;203;200;199
84.232;531;203;200;199
84.264;531;203;200;199
84.296;531;203;200;199
84.332;531;203;200;199
84.364;531;203;200;199
84.396;531;203;200;199
84.432;531;203;200;199
84.464;531;203;200;199
84.496;531;203;200;199
84.532;531;203;200;199
84.564;531;203;200;199
84.596;531;203;200;199
84.632;531;203;200;199
84.664;531;203;200;199
84.696;531;203;200;199
84.732;531;203;200;199
84.764;531;203;200;199
84.796;531;203;200;199
84.832;531;203;200;199
84.863;531;203;200;199
84.895;531;203;200;199
84.931;531;203;200;199
84.964;531;203;200;199
84.996;531;203;200;199
85.032;531;203;200;199
85.064;531;203;200;199
85.096;531;203;200;199
85.132;531;203;200;199
85.164;531;203;200;199
85.196;531;203;200;199
85.231;531;203;200;199
85.264;531;203;200;199
85.296;531;203;200;199
85.332;531;203;200;199
85.364;531;203;200;199
85.395;531;203;200;199
85.432;531;203;200;199
85.464;531;203;200;199
85.495;531;203;200;199
85.531;531;203;200;199
85.564;531;203;200;199
85.596;531;203;200;199
85.632;531;203;200;199
85.664;531;203;200;199
85.695;531;203;200;199
85.731;531;203;200;199
85.764;531;203;200;199
85.795;531;203;200;199
85.832;531;203;200;199
85.863;531;203;200;199
85.896;531;203;200;199
85.932;531;203;200;199
85.964;531;203;200;199
85.996;531;203;200;199
86.032;531;203;200;199
86.064;531;203;200;199
86.096;531;203;200;199
86.132;531;203;200;199
86.164;531;203;200;199
86.195;531;203;200;199
86.232;531;203;200;199
86.264;531;203;200;199
86.296;531;203;200;199
86.331;531;203;200;199
86.364;531;203;200;199
86.396;531;203;200;199
86.432;531;203;200;199
86.464;531;203;200;199
86.495;531;203;200;199
86.532;531;203;200;199
86.561;531;203;200;199
86.594;531;203;200;199
86.632;531;203;200;199
86.661;531;203;200;199
86.694;531;203;200;199
86.732;531;203;200;199
86.762;531;203;200;199
86.794;531;203;200;199
86.832;531;203;200;199
86.864;531;203;200;199
86.896;531;203;200;199
86.932;531;203;200;199
86.964;531;203;200;199
86.995;531;203;200;199
87.031;531;203;200;199
87.064;531;203;200;199
87.095;531;203;200;199
87.132;531;203;200;199
87.164;531;203;200;199
87.196;531;203;200;199
87.232;531;203;200;199
87.264;531;203;200;199
87.295;531;203;200;199
87.331;531;203;200;199
87.364;531;203;200;199
87.395;531;203;200;199
87.432;531;203;200;199
87.464;531;203;200;199
87.496;531;203;200;199
87.532;531;203;200;199
87.564;531;203;200;199
87.596;531;203;200;199
87.632;531;203;200;199
87.664;531;203;200;199
87.696;531;203;200;199
87.732;531;203;200;199
87.764;531;203;200;199
87.796;531;203;200;199
87.832;531;203;200;199
87.864;531;203;200;199
87.896;531;203;200;199
87.932;531;203;200;199
87.964;531;203;200;199
87.996;531;203;200;199
88.032;531;203;200;199
88.064;531;203;200;199
88.096;531;203;200;199
88.132;531;203;200;199
88.164;531;203;200;199
88.196;531;203;200;199
88.232;531;203;200;199
88.264;531;203;200;199
88.296;531;203;200;199
88.332;531;203;200;199
88.364;531;203;200;199
88.396;531;203;200;199
88.432;531;203;200;199
88.464;531;203;200;199
88.496;531;203;200;199
88.532;531;203;200;199
88.564;531;203;200;199
88.596;531;203;200;199
88.631;531;203;200;199
88.663;531;203;200;199
88.696;531;203;200;199
88.732;531;203;200;199
88.764;531;203;200;199
88.795;531;203;200;199
88.832;531;203;200;199
88.863;531;203;200;199
88.896;531;203;200;199
88.931;531;203;200;199
88.963;531;203;200;199
88.995;531;203;200;199
89.031;531;203;200;199
89.063;531;203;200;199
89.095;531;203;200;199
89.132;531;203;200;199
89.163;531;203;200;199
89.196;531;203;200;199
89.232;531;203;200;199
89.263;531;203;200;199
89.295;531;203;200;199
89.331;531;203;200;199
89.363;531;203;200;199
89.395;531;203;200;199
89.431;531;203;200;199
89.463;531;203;200;199
89.495;531;203;200;199
89.531;531;203;200;199
89.563;531;203;200;199
89.595;531;203;200;199
89.631;531;203;200;199
89.663;531;203;200;199
89.695;531;203;200;199
89.731;531;203;200;199
89.763;531;203;200;199
89.795;531;203;200;199
89.831;531;203;200;199
89.863;531;203;200;199
89.895;531;203;200;199
89.931;531;203;200;199
89.963;531;203;200;198
89.995;531;203;200;199
90.031;531;203;200;199
90.063;531;203;200;199
90.095;531;203;200;199
90.131;531;203;200;199
90.163;531;203;200;199
90.195;531;203;200;199
90.231;531;203;200;199
90.263;531;203;200;199
90.295;531;203;200;199
90.331;531;203;200;199
90.363;531;203;200;199
90.395;531;203;200;199
90.431;531;203;200;199
90.463;531;203;200;199
90.495;531;203;200;199
90.531;531;203;200;199
90.563;531;203;200;199
90.595;531;203;200;199
90.631;531;203;200;199
90.663;531;203;200;199
90.695;531;203;200;199
90.731;531;203;200;199
90.763;531;203;200;199
90.796;531;203;200;199
90.831;531;203;200;199
90.863;531;203;200;199
90.896;531;203;200;199
90.932;531;203;200;199
90.960;531;203;200;199
90.992;531;203;200;199
91.028;531;203;200;199
91.060;531;203;200;199
91.092;531;203;200;199
91.127;531;203;200;199
91.160;531;203;200;199
91.195;531;203;200;199
91.231;531;203;200;199
91.261;531;203;200;199
91.292;531;203;200;199
91.329;531;203;200;199
91.362;531;203;200;199
91.395;531;203;200;199
91.431;531;203;200;199
91.463;531;203;200;199
91.495;531;203;200;199
91.531;531;203;200;199
91.563;531;203;200;199
91.595;531;203;200;199
91.631;531;203;200;199
91.663;531;203;200;199
91.696;531;203;200;199
91.732;531;203;200;199
91.764;531;203;200;199
91.796;531;203;200;199
91.832;531;203;200;199
91.864;531;203;200;199
91.896;531;203;200;199
91.933;531;203;200;199
91.964;531;203;200;199
91.996;531;203;200;199
92.032;531;203;200;199
92.064;531;203;200;199
92.096;531;203;200;199
92.132;531;203;200;199
92.164;531;203;200;199
92.195;531;203;200;199
92.231;531;203;200;199
92.263;531;203;200;199
92.295;531;203;200;199
92.332;531;203;200;199
92.364;531;203;200;199
92.395;531;203;200;199
92.431;531;203;200;199
92.460;531;203;200;199
92.492;531;203;200;199
92.528;531;203;200;199
92.563;531;203;200;199
92.595;531;203;200;199
92.632;531;203;200;199
92.664;531;203;200;199
92.695;531;203;200;199
92.732;531;203;200;199
92.764;531;203;200;199
92.795;530;203;200;199
92.832;530;203;200;199
92.864;530;203;200;199
92.896;529;203;200;199
92.931;529;203;200;199
92.963;528;203;200;199
92.996;527;203;200;199
93.032;527;203;200;199
93.064;526;203;200;199
93.096;525;203;200;199
93.132;524;203;200;199
93.164;523;203;200;199
93.196;522;203;200;199
93.232;521;203;200;199
93.263;519;203;200;199
93.296;518;203;200;199
93.332;517;203;200;199
93.364;515;203;200;199
93.396;514;203;200;199
93.431;512;203;200;199
93.464;510;203;200;199
93.495;509;203;200;199
93.530;507;203;200;199
93.563;505;203;200;199
93.595;503;203;200;199
93.631;501;203;200;199
93.663;499;203;200;199
93.695;497;203;200;199
93.731;494;203;200;199
94.195;456;203;200;199
94.232;453;203;200;198
94.264;450;203;200;199
94.296;446;203;200;199
94.332;443;203;200;199
94.364;440;203;200;199
94.394;436;203;200;199
94.431;433;203;200;199
94.463;429;203;200;199
94.493;426;203;200;199
94.529;422;203;200;199
94.562;418;203;200;199
94.595;414;203;200;199
94.631;410;203;200;199
94.663;406;203;200;199
94.696;402;203;200;199
94.731;398;203;200;199
94.763;394;203;200;199
94.795;390;203;200;199
94.831;386;203;200;199
94.863;382;203;200;199
95.363;310;203;200;199
95.396;305;203;200;199
95.432;300;203;200;199
95.464;295;203;200;199
95.496;289;203;200;199
95.532;284;203;200;199
95.564;278;203;200;198
95.595;273;203;200;199
95.632;267;203;200;199
95.663;261;203;200;199
95.695;255;203;200;199
95.732;250;203;200;199
95.764;244;202;200;199
95.796;238;203;200;199
95.832;232;203;200;199
95.864;226;202;200;199
95.896;220;203;200;199
95.932;213;203;200;199
95.963;207;203;200;199
96.031;194;203;200;199
96.064;188;203;200;199
96.096;181;203;200;199
96.131;175;202;200;199
96.231;155;203;200;199
96.262;149;203;200;199
96.332;136;202;200;199
96.364;129;202;200;199
96.895;95;196;200;199
96.931;97;196;200;199
96.963;98;195;200;199
96.996;101;195;200;199
97.032;102;194;200;199
97.063;102;193;200;199
97.096;104;193;200;199
97.132;106;192;200;199
97.163;108;192;200;199
97.195;110;192;200;199
97.263;116;193;200;199
97.295;119;194;200;199
97.332;122;195;200;199
97.363;126;197;200;199
97.394;130;198;200;199
97.431;134;199;200;199
97.463;138;200;200;199
97.495;143;201;200;199
97.531;148;202;200;199
97.563;153;203;200;199
97.595;158;205;200;199
97.632;163;206;200;199
97.663;169;208;200;199
97.696;175;209;200;199
97.731;181;210;200;199
97.764;186;212;200;199
97.796;190;214;200;199
97.831;194;216;200;199
97.864;197;219;200;199
97.895;199;223;200;199
97.932;201;227;200;199
97.963;202;230;200;199
97.996;203;233;200;199
98.031;203;234;200;199
98.063;203;236;200;199
98.095;202;237;200;199
98.131;201;237;200;199
98.164;199;237;200;199
98.195;196;237;200;199
98.232;194;237;200;199
98.263;191;237;200;199
98.295;187;236;200;199
98.331;183;235;200;199
98.363;179;234;200;199
98.396;174;233;200;199
98.431;170;232;200;199
98.463;165;231;200;199
98.494;160;230;200;199
98.531;156;229;200;199
98.563;151;228;200;199
98.631;142;226;200;199
98.663;137;225;200;199
98.731;129;223;200;199
98.763;126;222;200;199
98.795;122;221;200;199
98.832;120;220;200;199
98.863;117;219;200;199
98.893;115;218;200;199
98.931;113;217;200;199
98.963;112;216;200;199
98.994;111;215;200;199
99.031;110;214;200;199
99.063;110;213;200;199
99.093;110;212;200;199
99.131;110;212;200;199
99.163;111;212;200;199
99.193;112;212;200;199
99.231;113;213;200;199
99.261;115;214;200;199
99.293;116;216;200;199
99.329;118;217;200;199
99.361;120;218;200;199
99.394;122;219;200;199
99.431;125;221;200;199
99.461;128;222;200;199
99.493;131;223;200;199
99.528;134;224;200;199
99.563;138;224;200;199
99.595;142;225;200;199
99.631;146;225;200;199
99.663;150;225;200;199
99.695;154;225;200;199
99.731;159;225;200;199
99.795;168;223;200;199
99.831;173;222;200;199
99.863;178;220;200;199
99.895;182;218;200;199
99.931;186;217;200;199
99.963;189;214;200;199
99.995;192;212;200;199
100.031;195;210;200;199
100.063;196;207;200;199
100.095;198;205;200;199
100.131;199;202;200;199
100.163;200;200;200;199
100.195;200;198;200;199
100.231;200;196;200;199
100.263;200;194;200;199
100.295;199;192;200;199
100.331;198;190;200;199
100.363;196;189;200;199
100.395;195;188;200;199
100.431;193;188;200;199
100.463;191;187;200;199
100.495;188;187;200;199
100.531;186;186;200;199
100.563;183;186;200;199
100.595;180;186;200;199
100.632;177;186;200;199
100.663;174;186;200;199
100.695;171;187;200;199
100.731;168;187;200;199
100.763;165;187;200;199
100.795;161;188;200;199
100.831;158;188;200;199
100.863;155;188;200;199
100.895;153;189;200;199
100.931;150;190;200;199
100.963;147;191;200;199
100.995;145;192;200;199
101.032;142;194;200;199
101.063;140;196;200;199
101.095;138;198;200;199
101.132;136;200;200;199
101.163;135;201;200;199
101.195;134;203;200;199
101.232;134;205;200;199
101.263;133;207;200;199
101.295;133;209;200;199
101.331;134;211;200;199
101.364;134;214;200;199
101.396;135;216;200;199
101.432;136;218;200;199
101.463;137;220;200;199
101.495;139;222;200;199
101.531;141;224;200;199
101.564;143;226;200;199
101.595;145;227;200;199
101.632;148;228;200;199
101.663;150;228;200;199
101.696;153;228;200;199
101.731;156;227;200;199
101.763;159;226;200;199
101.795;163;225;200;199
101.832;166;223;200;199
101.864;169;221;200;199
101.896;172;219;200;199
101.931;175;217;200;199
101.963;177;215;200;199
101.995;179;213;200;199
102.032;181;211;200;199
102.063;183;209;200;199
102.095;185;207;200;199
102.132;186;205;200;199
102.163;188;203;200;199
102.195;188;201;200;199
102.232;189;200;200;199
102.263;190;198;200;199
102.295;190;197;200;199
102.332;191;196;200;199
102.364;191;195;200;199
102.396;190;194;200;199
102.432;190;194;200;199
102.463;190;193;200;199
102.495;189;193;200;199
102.532;188;193;200;199
102.563;187;193;200;199
102.595;186;193;200;199
102.632;185;193;200;199
102.663;183;193;200;199
102.696;182;193;200;199
102.732;181;193;200;199
102.763;179;193;200;199
102.795;177;193;200;199
102.831;176;194;200;199
102.863;174;194;200;199
102.895;172;194;200;199
102.933;171;195;200;199
102.964;169;195;200;199
102.995;168;196;200;199
103.032;167;196;200;199
103.063;165;197;200;199
103.095;164;198;200;199
103.132;163;198;200;199
103.163;162;199;200;199
103.195;161;200;200;199
103.232;160;201;200;199
103.263;159;202;200;199
103.295;159;203;200;199
103.363;158;206;200;199
103.395;158;207;200;199
103.432;157;208;200;199
103.464;157;209;200;199
103.496;157;210;200;199
103.531;157;210;200;199
103.563;158;211;200;199
103.595;158;212;200;199
103.631;159;213;200;199
103.664;159;213;200;199
103.695;160;214;200;199
103.731;161;214;200;199
103.763;161;214;200;199
103.795;162;215;200;199
103.831;163;215;200;199
103.863;164;215;200;199
103.896;165;216;200;199
103.931;166;216;200;199
103.964;167;216;200;199
103.995;168;216;200;199
104.031;169;215;200;199
104.064;170;215;200;199
104.096;171;215;200;199
104.132;172;214;200;199
104.163;173;214;200;199
104.195;174;213;200;199
104.231;175;212;200;199
104.263;176;212;200;199
104.296;176;211;200;199
104.331;177;210;200;199
104.363;178;209;200;199
104.395;178;209;200;199
104.431;179;208;200;199
104.464;180;208;200;199
104.496;180;208;200;199
104.532;181;208;200;199
104.564;181;209;200;199
104.596;181;209;200;199
104.631;181;210;200;199
104.664;182;210;200;199
104.696;182;211;200;199
104.732;182;211;200;199
104.764;182;212;200;199
104.795;182;212;200;199
104.832;182;213;200;199
104.864;182;214;200;199
104.896;182;214;200;199
104.932;182;215;200;199
104.964;182;215;200;199
104.996;182;216;200;199
105.032;182;216;200;199
105.064;181;217;200;199
105.096;181;217;200;199
105.132;181;217;200;199
105.163;181;218;200;199
105.196;180;218;200;199
105.232;180;218;200;199
105.264;180;218;200;199
105.296;180;218;200;199
105.332;179;218;200;199
105.363;179;218;200;199
105.396;179;217;200;199
105.432;178;217;200;199
105.464;178;217;200;199
105.496;178;216;200;199
105.532;178;216;200;199
105.563;177;215;200;199
105.596;177;215;200;199
105.632;176;214;200;199
105.664;176;213;200;199
105.696;176;213;200;199
105.732;176;212;200;199
105.763;175;211;200;199
105.796;176;210;200;199
105.832;175;209;200;199
105.864;175;208;200;199
105.896;175;207;200;199
105.932;175;206;200;199
105.963;175;206;200;199
105.996;175;205;200;199
106.032;175;204;200;199
106.064;176;203;200;199
106.095;176;203;200;199
106.132;176;202;200;199
106.164;176;202;200;199
106.196;176;202;200;199
106.232;177;203;200;199
106.263;177;203;200;199
106.296;177;204;200;199
106.332;178;204;200;199
106.364;178;205;200;199
106.396;178;206;200;199
106.432;178;207;200;199
106.464;178;208;200;199
106.496;179;209;200;199
106.532;179;210;200;199
106.564;180;211;200;199
106.595;180;212;200;199
106.632;180;213;200;199
106.664;180;213;200;199
106.696;180;214;200;199
106.732;180;215;200;199
106.764;181;216;200;199
106.796;181;217;200;199
106.831;181;217;200;199
106.864;181;218;200;199
106.896;182;218;200;199
106.932;182;218;200;199
106.964;182;218;200;199
106.996;182;219;200;199
107.032;183;219;200;199
107.064;183;219;200;199
107.095;183;219;200;199
107.132;183;219;200;199
107.164;183;219;200;199
107.196;183;218;200;199
107.233;183;218;200;199
107.264;184;218;200;199
107.296;184;217;200;199
107.331;184;217;200;199
107.364;184;217;200;199
107.395;184;216;200;199
107.432;185;215;200;199
107.464;185;215;200;199
107.496;185;214;200;199
107.532;185;213;200;199
107.564;185;212;200;199
107.596;185;211;200;199
107.631;185;210;200;199
107.663;185;210;200;199
107.695;185;210;200;199
107.731;186;211;200;199
107.763;186;212;200;199
107.795;186;213;200;199
107.832;186;214;200;199
107.864;186;215;200;199
107.896;186;216;200;199
107.931;186;219;200;199
107.963;185;221;200;199
107.995;185;224;200;199
108.032;184;228;200;199
108.063;183;233;200;199
108.135;180;243;200;199
108.167;178;248;200;199
108.197;176;253;200;199
108.231;175;258;200;199
108.261;174;263;200;199
108.293;173;267;200;199
108.331;172;270;200;199
108.363;172;273;200;199
108.395;171;276;200;199
108.431;172;279;200;199
108.463;172;282;200;199
108.495;172;284;200;199
108.531;173;285;200;199
108.563;173;287;200;199
108.595;173;287;200;199
108.631;174;288;200;199
108.663;175;288;200;199
108.695;176;288;200;199
108.732;176;287;200;199
108.763;177;286;200;199
108.795;177;284;200;199
108.831;178;282;200;199
108.863;178;280;200;199
108.895;179;277;200;199
108.931;179;274;200;199
108.963;180;271;200;199
108.995;180;268;200;199
109.031;180;265;200;199
109.063;181;262;200;199
109.095;181;259;200;199
109.131;182;256;200;199
109.163;183;253;200;199
109.195;183;249;200;199
109.231;184;247;200;199
109.264;185;244;200;199
109.296;186;241;200;199
109.332;187;239;200;199
109.364;188;236;200;199
109.395;188;234;200;199
109.431;189;232;200;199
109.464;190;230;200;199
109.495;191;228;200;199
109.532;192;226;200;199
109.564;193;225;200;199
109.595;194;224;200;199
109.632;195;223;200;199
109.664;195;223;200;199
109.695;196;223;200;199
109.731;197;222;200;199
109.764;197;222;200;199
109.795;198;222;200;199
109.831;198;222;200;199
109.863;198;222;200;199
109.895;199;223;200;199
109.931;199;223;200;199
109.963;199;223;200;199
109.995;199;223;200;199
110.031;199;223;200;199
110.063;198;224;200;199
110.095;198;224;200;199
110.131;198;225;200;199
110.163;198;225;200;199
110.195;197;226;200;199
110.231;197;226;200;199
110.263;196;227;200;199
110.295;196;227;200;199
110.331;195;228;200;199
110.363;195;228;200;199
110.395;194;228;200;199
110.431;193;228;200;199
110.463;193;228;200;199
110.495;192;228;200;199
110.531;192;228;200;199
110.563;192;228;200;199
110.595;191;227;200;199
110.631;191;227;200;199
110.663;190;226;200;199
110.695;190;226;200;199
110.731;190;226;200;305
110.763;189;226;200;199
110.795;189;226;200;199
110.831;189;227;200;199
110.863;188;228;200;199
110.895;188;229;200;199
110.931;188;230;200;199
110.963;187;231;200;199
110.995;187;231;200;199
111.031;187;232;200;199
111.063;186;233;200;305
111.095;186;233;200;305
111.131;186;234;200;305
111.163;186;234;200;305
111.195;186;234;200;305
111.231;186;234;200;305
111.263;186;234;200;305
111.295;186;234;200;305
111.332;186;235;200;305
111.363;187;235;200;305
111.395;187;236;200;305
111.431;187;236;200;305
111.463;187;237;200;305
111.496;187;239;200;305
111.531;187;240;200;305
111.563;188;241;200;305
111.595;188;243;200;305
111.631;188;245;200;305
111.663;188;247;200;305
111.695;188;249;200;305
111.731;188;251;200;305
111.763;188;252;200;305
111.795;189;255;200;305
111.832;189;257;200;305
111.863;189;259;200;305
111.896;189;261;200;305
112.363;192;298;200;305
112.396;192;300;200;200
112.432;193;302;200;200
112.464;193;303;200;200
112.495;194;305;200;200
112.532;194;307;200;200
112.564;195;308;200;200
112.596;195;309;200;200
112.632;196;309;200;200
112.664;196;309;200;200
112.696;196;308;200;200
112.732;196;307;200;200
112.764;196;305;200;200
112.796;196;303;200;200
112.832;196;301;200;200
112.863;196;298;200;200
112.896;195;295;200;199
112.932;195;292;200;199
112.963;194;288;200;199
112.995;193;285;200;199
113.032;192;281;200;199
113.064;192;277;200;199
113.096;191;273;200;199
113.132;191;270;200;199
113.163;190;267;200;199
113.195;190;265;200;199
113.232;190;262;200;199
113.263;190;261;200;199
113.295;190;259;200;199
113.332;191;258;200;199
113.363;191;257;200;199
113.395;191;256;200;199
113.432;192;255;200;199
113.463;192;255;200;199
113.495;193;254;200;199
113.532;193;253;200;199
113.563;194;253;200;199
113.595;194;252;200;199
113.632;195;252;200;199
113.663;195;251;200;199
113.695;196;250;200;199
113.731;196;249;200;199
113.763;197;248;200;199
113.795;197;247;200;199
113.832;197;246;200;199
113.863;198;245;200;199
113.896;198;244;200;199
113.931;198;243;200;199
113.963;198;242;200;199
113.996;199;241;200;199
114.032;199;240;200;199
114.064;199;240;200;199
114.095;199;239;200;199
114.132;200;238;200;199
114.164;199;237;200;199
114.195;200;236;200;199
114.232;200;235;200;199
114.264;200;234;200;199
114.295;200;234;200;199
114.332;200;233;200;199
114.364;200;233;200;199
114.395;200;234;200;199
114.432;200;235;200;199
114.464;199;236;200;199
114.496;199;238;200;199
114.532;199;239;200;199
114.564;198;240;200;100
114.596;198;241;200;100
114.632;198;242;200;100
114.664;197;243;200;100
114.696;197;244;200;100
114.732;197;244;200;100
114.764;196;244;200;100
114.796;196;243;200;100
114.832;195;242;200;100
114.863;195;240;200;100
114.895;194;239;200;100
114.932;193;236;200;100
114.964;192;234;200;100
114.995;191;231;200;100
115.032;190;228;200;100
115.064;189;224;200;100
115.094;188;221;200;100
115.131;187;217;200;100
115.164;187;213;200;100
115.193;186;210;200;100
115.232;185;206;200;100
115.264;185;202;200;100
115.294;184;198;200;100
115.332;184;194;200;100
115.364;183;191;200;100
115.397;183;187;200;100
115.432;183;183;200;100
115.463;184;180;200;100
115.494;184;176;200;100
115.532;184;173;200;100
115.563;185;171;200;100
115.594;186;170;200;100
115.631;187;170;200;100
115.664;187;170;200;100
115.695;188;172;200;100
115.732;189;173;200;100
115.764;189;175;200;100
115.795;190;178;200;100
116.263;194;181;200;100
116.295;194;177;200;200
116.332;194;174;200;200
116.364;193;170;200;200
116.395;192;166;200;200
116.432;191;162;200;200
116.495;189;152;200;200
116.532;188;147;200;200
116.564;187;143;200;200
116.593;187;140;200;200
116.632;187;137;200;200
116.664;187;134;200;200
116.696;187;132;200;200
116.732;187;131;200;200
116.764;188;129;200;200
116.793;188;129;200;200
116.832;189;129;200;199
116.863;190;130;200;199
116.893;191;131;200;199
116.931;191;132;200;199
116.963;192;135;200;199
116.993;193;137;200;199
117.031;193;140;200;199
117.063;193;144;200;199
117.093;194;147;200;199
117.131;194;151;200;199
117.164;194;155;200;199
117.193;194;159;200;199
117.231;194;163;200;199
117.263;194;167;200;199
117.293;194;172;200;199
117.331;194;175;200;199
117.363;195;179;200;199
117.393;195;182;200;199
117.431;195;185;200;199
117.463;196;188;200;199
117.495;196;191;200;199
117.531;196;193;200;199
117.563;197;196;200;199
117.596;197;200;200;199
117.631;198;203;200;199
117.663;198;205;200;199
117.695;198;208;200;199
117.731;199;210;200;199
117.763;199;211;200;199
117.793;200;213;200;199
117.832;200;214;200;199
117.864;201;214;200;199
117.895;201;214;200;199
117.932;201;214;200;199
117.963;202;214;200;199
117.995;202;214;200;199
118.031;202;213;200;199
118.063;202;212;200;199
118.096;202;211;200;199
118.132;202;210;200;199
118.164;202;209;200;199
118.196;202;208;200;199
118.232;202;207;200;199
118.264;202;205;200;199
118.295;202;204;200;199
118.332;202;203;200;199
118.364;202;202;200;199
118.396;202;201;200;305
118.432;202;200;200;305
118.464;202;199;200;305
118.496;202;198;200;305
118.532;201;198;200;305
118.565;201;197;200;305
118.597;201;196;200;305
118.632;201;196;200;305
118.664;201;197;200;305
118.696;201;198;200;305
118.732;201;200;200;305
118.764;200;202;200;305
118.796;200;204;200;305
118.832;199;206;200;305
118.864;198;210;200;305
118.896;198;213;200;305
118.932;197;216;200;305
118.964;196;220;200;305
118.996;195;224;200;305
119.032;194;227;200;305
119.063;194;231;200;305
119.098;193;235;200;305
119.134;193;239;200;305
119.164;192;242;200;305
119.196;192;245;200;305
119.231;192;249;200;305
119.264;192;252;200;305
119.295;191;254;200;305
119.332;192;257;200;305
119.364;192;259;200;305
119.396;192;261;200;305
119.432;193;263;200;305
119.464;193;265;200;305
119.495;194;266;200;305
119.532;194;268;200;305
119.563;195;269;200;305
119.593;196;270;200;305
119.633;197;271;200;305
119.664;197;272;200;200
119.696;198;273;200;200
119.732;199;274;200;200
119.764;200;276;200;200
119.796;201;277;200;200
119.832;201;278;200;200
119.864;202;279;200;200
119.896;203;280;200;200
119.932;203;280;200;200
119.964;204;280;200;200
119.996;204;279;200;200
120.032;204;278;200;200
120.064;204;276;200;200
120.096;204;275;200;200
120.132;204;273;200;200
120.164;204;270;200;200
120.196;203;267;200;200
120.232;203;265;200;200
120.264;202;262;200;200
120.296;202;259;200;200
120.332;201;255;200;200
120.362;200;252;200;200
120.393;200;249;200;200
120.431;199;247;200;200
120.464;199;244;200;200
120.493;198;241;200;200
120.532;198;240;200;200
120.564;198;238;200;200
120.595;197;237;200;199
120.632;197;235;200;199
120.664;197;234;200;199
120.696;197;233;200;199
120.732;197;232;200;199
120.764;197;231;200;199
120.795;197;230;200;199
120.831;197;230;200;199
120.864;197;230;200;199
120.896;197;229;200;199
120.932;198;229;200;199
120.964;198;228;200;199
120.995;198;228;200;199
121.031;199;228;200;199
121.063;199;227;200;199
121.093;199;227;200;199
121.131;199;226;200;199
121.164;200;226;200;199
121.196;200;225;200;199
121.231;200;225;200;199
121.264;200;224;200;199
121.295;201;224;200;199
121.332;201;223;200;100
121.363;201;223;200;100
121.396;201;222;200;100
121.432;202;222;200;100
121.464;202;221;200;100
121.496;202;220;200;100
121.532;202;219;200;100
121.564;202;218;200;100
121.596;202;216;200;100
121.632;202;214;200;100
121.664;202;212;200;100
121.696;202;209;200;100
121.732;201;206;200;100
121.763;200;202;200;100
121.795;200;199;200;100
121.831;199;195;200;100
121.863;198;192;200;100
121.896;197;188;200;100
121.932;197;184;200;100
121.963;197;181;200;100
121.995;196;178;200;100
122.031;196;175;200;100
122.064;196;173;200;100
122.095;196;170;200;100
122.131;196;168;200;100
122.164;196;166;200;100
122.196;196;164;200;100
122.232;197;162;200;100
122.263;197;161;200;100
122.296;198;159;200;100
122.331;198;158;200;100
122.364;199;156;200;100
122.395;199;155;200;100
122.432;200;153;200;100
122.462;200;152;200;100
122.493;201;151;200;100
122.531;201;150;200;100
122.562;202;148;200;100
123.063;206;131;200;100
123.093;206;130;200;200
123.131;206;129;200;200
123.163;206;128;200;200
123.193;206;127;200;200
123.232;205;126;200;200
123.263;205;125;200;200
123.295;205;124;200;200
123.331;204;123;200;200
123.363;204;123;200;200
123.395;204;124;200;200
123.432;203;125;200;305
123.463;202;127;200;305
123.493;201;130;200;305
123.531;200;133;200;305
123.563;199;136;200;305
123.593;198;139;200;305
123.631;196;142;200;305
123.663;195;146;200;305
123.693;194;150;200;305
123.731;192;154;200;305
123.763;191;158;200;305
123.793;190;162;200;305
123.831;189;166;200;305
123.863;188;171;200;305
123.895;188;175;200;305
123.931;187;179;200;305
123.963;186;183;200;305
123.993;186;187;200;305
124.031;186;191;200;305
124.063;186;195;200;305
124.095;186;199;200;305
124.131;186;203;200;305
124.163;186;207;200;305
124.195;186;211;200;305
124.232;187;214;200;305
124.263;188;218;200;305
124.295;188;221;200;305
124.331;189;224;200;305
124.363;190;227;200;305
124.395;191;230;200;305
124.431;192;233;200;305
124.463;194;235;200;305
124.496;195;238;200;305
124.532;196;240;200;305
124.564;197;242;200;305
124.596;199;244;200;305
124.632;200;246;200;305
124.664;201;248;200;200
124.696;202;250;200;100
124.730;204;252;200;100
124.764;205;253;200;100
124.793;206;255;200;200
124.831;207;256;200;200
124.864;208;257;200;100
124.896;209;258;200;100
124.932;209;258;200;100
124.964;210;258;200;100
124.996;210;257;200;100
125.032;211;256;200;100
125.064;211;255;200;100
125.099;211;253;200;100
125.133;210;250;200;100
125.164;210;247;200;100
125.196;209;244;200;100
125.232;208;241;200;100
125.263;206;237;200;100
125.296;205;233;200;100
125.331;203;229;200;100
125.363;202;225;200;100
125.395;200;221;200;100
125.431;199;218;200;100
125.463;198;214;200;100
125.495;196;210;200;100
125.531;195;206;200;100
125.563;194;202;200;100
125.595;193;199;200;100
125.631;192;195;200;100
125.663;191;191;200;100
125.695;191;188;200;100
125.731;190;185;200;100
125.764;190;181;200;100
126.263;195;149;200;100
126.295;196;147;200;200
126.331;197;146;200;200
126.363;199;146;200;200
126.395;200;145;200;200
126.432;201;145;200;200
126.464;202;144;200;200
126.494;204;144;200;200
126.531;205;144;200;200
126.563;206;144;200;200
126.595;207;145;200;200
126.631;208;146;200;200
126.663;209;147;200;200
126.695;209;148;200;200
126.731;210;150;200;200
126.763;210;152;200;200
126.795;211;154;200;199
126.831;211;156;200;199
126.863;211;158;200;199
126.895;211;161;200;199
126.931;211;163;200;199
126.963;211;166;200;199
126.995;210;168;200;199
127.031;210;171;200;199
127.063;209;173;200;199
127.095;209;175;200;199
127.131;208;177;200;199
127.163;208;180;200;199
127.195;207;182;200;199
127.231;207;184;200;199
127.263;206;186;200;199
127.295;206;188;200;199
127.331;205;190;200;199
127.363;205;192;200;199
127.395;204;194;200;199
127.431;204;195;200;199
127.463;203;197;200;199
127.495;203;199;200;199
127.531;202;202;200;199
127.563;202;203;200;199
127.595;202;205;200;199
127.631;201;206;200;199
127.663;201;207;200;199
127.695;201;208;200;199
127.731;200;210;200;199
127.763;200;211;200;199
127.795;200;213;200;199
127.831;200;214;200;199
127.863;200;214;200;199
127.895;199;215;200;199
127.931;200;216;200;199
127.963;199;217;200;199
127.995;199;217;200;199
128.031;199;217;200;199
128.063;199;217;200;199
128.095;199;218;200;199
128.131;199;218;200;199
128.163;199;217;200;199
128.195;200;217;200;199
128.231;200;216;200;199
128.263;200;216;200;199
128.295;200;215;200;199
128.332;200;214;200;199
128.363;200;214;200;199
128.395;200;213;200;199
128.431;201;212;200;199
128.463;201;211;200;199
128.495;201;210;200;199
128.533;201;209;200;199
128.564;201;208;200;199
128.596;202;207;200;199
128.632;202;206;200;199
128.663;202;204;200;199
128.695;202;203;200;199
128.731;202;202;200;199
128.763;203;201;200;199
128.795;203;200;200;199
128.831;203;199;200;199
128.863;203;199;200;199
128.895;203;198;200;199
128.931;204;198;200;199
128.964;204;198;200;199
128.996;204;199;200;199
129.032;204;199;200;199
129.064;204;200;200;199
129.096;204;200;200;199
129.132;204;201;200;199
129.163;204;201;200;199
129.196;204;202;200;199
129.232;204;202;200;199
129.264;203;203;200;199
129.296;203;204;200;199
129.332;203;204;200;199
129.364;203;205;200;199
129.396;203;205;200;199
129.432;203;206;200;199
129.464;203;207;200;199
129.496;203;207;200;199
129.531;203;207;200;199
129.563;202;208;200;199
129.595;202;209;200;199
129.631;202;209;200;199
129.663;202;209;200;199
129.695;202;210;200;199
129.731;202;210;200;199
129.763;202;210;200;199
129.795;201;210;200;199
129.832;201;211;200;199
129.863;201;211;200;199
129.896;201;211;200;199
129.931;201;211;200;199
129.963;201;211;200;199
129.995;201;211;200;199
130.031;201;211;200;199
130.063;201;211;200;199
130.095;200;211;200;199
130.135;200;210;200;199
130.166;200;210;200;199
130.193;200;210;200;199
130.231;200;210;200;199
130.261;200;209;200;199
130.295;200;209;200;199
130.331;200;209;200;199
130.363;200;208;200;199
130.395;199;208;200;199
130.431;199;208;200;199
130.463;199;207;200;199
130.495;199;207;200;199
130.531;199;206;200;199
130.563;199;205;200;199
130.595;199;205;200;199
130.631;199;205;200;199
130.663;199;204;200;199
130.695;199;204;200;199
130.732;199;203;200;199
130.764;199;203;200;199
130.796;199;203;200;199
130.832;199;202;200;199
130.864;199;202;200;199
130.896;199;202;200;199
130.933;199;202;200;199
130.964;199;202;200;199
130.996;199;202;200;199
131.032;199;203;200;199
131.064;199;203;200;199
131.096;199;203;200;199
131.133;200;204;200;199
131.164;199;205;200;199
131.197;200;207;200;199
131.232;199;209;200;199
131.264;199;212;200;199
131.296;199;215;200;198
131.332;198;218;200;199
131.364;198;220;200;199
131.396;198;223;200;199
131.432;198;225;200;199
131.464;197;227;200;199
131.496;197;228;200;199
131.532;197;229;200;199
131.563;197;230;200;199
131.593;197;230;200;199
131.628;197;230;200;199
131.661;198;229;200;199
131.693;198;229;200;199
131.728;198;228;200;199
131.760;198;227;200;199
131.794;198;225;200;199
131.832;198;224;200;199
131.862;198;222;200;199
131.894;198;221;200;199
131.932;198;219;200;199
131.964;198;218;200;199
131.994;198;216;200;199
132.032;199;215;200;199
132.064;199;213;200;199
132.096;199;212;200;199
132.132;199;210;200;199
132.164;200;209;200;199
132.195;200;207;200;199
132.232;200;206;200;199
132.264;201;205;200;199
132.296;201;204;200;199
132.332;201;204;200;199
132.364;202;203;200;199
132.396;202;203;200;199
132.432;202;202;200;199
132.464;202;202;200;199
132.495;203;202;200;199
132.530;203;202;200;199
132.564;203;203;200;199
132.593;203;204;200;199
132.632;203;205;200;199
132.662;203;205;200;199
132.696;204;206;200;199
132.732;204;207;200;199
132.764;203;208;200;199
132.796;204;209;200;199
132.832;204;210;200;199
132.863;204;211;200;199
132.895;204;212;200;199
132.932;204;213;200;199
132.964;204;215;200;199
132.996;205;216;200;199
133.032;205;217;200;199
133.064;205;217;200;199
133.095;207;218;200;199
133.132;207;219;200;199
133.165;208;219;200;199
133.197;208;219;200;199
133.232;209;220;200;199
133.264;210;220;200;199
133.296;211;220;200;199
133.332;212;220;200;199
133.364;213;220;200;199
133.396;214;220;200;199
133.432;215;220;200;199
133.464;215;220;200;199
133.496;217;219;200;199
133.532;218;219;200;199
133.563;219;219;200;199
133.595;220;219;200;199
133.631;220;218;200;199
133.663;222;218;200;199
133.695;222;218;200;199
133.731;224;217;200;199
133.763;225;217;200;199
133.795;226;217;200;199
133.831;227;216;200;199
133.863;227;216;200;199
133.895;228;216;200;199
133.931;230;215;200;199
133.964;231;215;200;199
133.995;231;215;200;199
134.031;232;214;200;199
134.063;233;214;200;199
134.095;234;214;200;199
134.136;235;214;200;199
134.163;235;214;200;199
134.631;243;214;200;199
134.663;243;213;200;199
134.695;243;213;200;199
134.732;244;213;200;199
134.763;244;213;200;199
134.795;244;213;200;199
134.831;244;213;200;199
134.860;244;213;200;199
134.892;244;213;200;199
134.931;244;213;200;199
